batch_id,to_email,open_date
55267,qovota@gideq.org,"2018-08-22 15:06:27, 2018-08-22 15:06:27"
55267,hivaka@fuvep.com,"2018-08-25 02:21:54, 2018-08-25 02:21:54"
55267,totopi@sutuz.com,
55267,tahuju@wiles.net,
55267,wasove@tafod.net,
55267,cewusu@guwug.org,
55267,xiqexe@hukuy.org,
55267,nicuxe@cuzud.com,"2018-08-24 01:24:47, 2018-08-24 01:24:47"
55267,zovofo@nugox.com,"2018-08-20 20:30:38, 2018-08-20 20:30:38"
55267,huluxi@nuqob.org,
55267,sepoge@fuvim.org,
55267,guvaze@zayor.net,"2018-08-23 06:53:37, 2018-08-23 06:53:37"
55267,qegape@tisuj.com,
55267,tivemu@gequp.net,"2018-08-21 06:33:23, 2018-08-21 06:33:23"
55267,diweha@yafak.net,
55267,tevufa@vajuv.org,"2018-08-24 11:42:48, 2018-08-24 11:42:48"
55267,gejodo@haheb.org,"2018-08-25 14:19:33, 2018-08-25 14:19:33"
55267,sevihu@ruhic.com,
55267,gekoxo@fidoz.org,"2018-08-22 12:26:32, 2018-08-22 12:26:32"
55267,kavivo@ciluz.com,
55267,hicaxe@mexuq.org,"2018-08-21 08:43:23, 2018-08-21 08:43:23"
55267,hicaxe@mexuq.org,"2018-08-21 08:43:23, 2018-08-21 08:43:23"
55267,hicaxe@mexuq.org,"2018-08-21 08:43:23, 2018-08-21 08:43:23"
55267,hicaxe@mexuq.org,"2018-08-21 08:43:23, 2018-08-21 08:43:23"
55267,vetupo@yazid.net,
55267,gohixu@cicoy.net,"2018-08-21 11:51:21, 2018-08-21 11:51:21"
55267,gohixu@cicoy.net,"2018-08-21 11:51:21, 2018-08-21 11:51:21"
55267,gohixu@cicoy.net,"2018-08-21 11:51:21, 2018-08-21 11:51:21"
55267,gohixu@cicoy.net,"2018-08-21 11:51:21, 2018-08-21 11:51:21"
55267,piwube@qecit.net,
55267,kalipa@bayen.com,
55267,kalipa@bayen.com,
55267,kalipa@bayen.com,
55267,kalipa@bayen.com,
55267,zunala@maqan.org,"2018-08-24 06:22:35, 2018-08-24 06:22:35"
55267,jadefo@cejol.net,
55267,lofovo@pehem.org,
55267,rinunu@tuqox.com,
55267,xijufi@tobag.com,"2018-08-23 19:31:23, 2018-08-23 19:31:23"
55267,xijufi@tobag.com,"2018-08-23 19:31:23, 2018-08-23 19:31:23"
55267,xijufi@tobag.com,"2018-08-23 19:31:23, 2018-08-23 19:31:23"
55267,xijufi@tobag.com,"2018-08-23 19:31:23, 2018-08-23 19:31:23"
55267,jijeyi@suqol.net,
55267,finebo@bogoz.com,
55267,gibodo@vutow.com,
55267,mowufo@yalev.net,
55267,pegupu@kidad.org,
55267,kozovo@zuvag.net,"2018-08-23 06:30:13, 2018-08-23 06:30:13"
55267,savayo@napig.com,"2018-08-25 11:07:59, 2018-08-25 11:07:59"
55267,savayo@napig.com,"2018-08-25 11:07:59, 2018-08-25 11:07:59"
55267,savayo@napig.com,"2018-08-25 11:07:59, 2018-08-25 11:07:59"
55267,sugezo@gopum.org,"2018-08-25 14:03:22, 2018-08-25 14:03:22"
55267,diyija@hotec.org,
55267,bozeda@malug.org,
55267,yunuwe@hipuh.net,"2018-08-25 15:37:07, 2018-08-25 15:37:07"
55267,xigose@xojab.org,"2018-08-23 17:15:31, 2018-08-23 17:15:31"
55267,rehucu@beteq.com,
55267,fuyeze@kowoj.com,
55267,muxemi@votuq.org,
55267,jeyaxi@puqay.com,
55267,yijuca@xafek.org,
55267,gaditu@wokob.org,
55267,gogexi@povut.org,
55267,zucunu@hujix.com,
55267,yaqaha@dimib.com,
55267,wavaki@fepij.net,
55267,zurame@tojoq.org,"2018-08-23 06:09:51, 2018-08-23 06:09:51"
55267,docefe@vizug.org,
55267,docefe@vizug.org,
55267,docefe@vizug.org,
55267,nuxiqo@ketey.com,
55267,joxetu@lofov.net,"2018-08-24 11:10:55, 2018-08-24 11:10:55"
55267,pazeqe@boqod.org,
55267,memenu@fujeg.org,
55267,videpa@nupoh.com,
55267,zoqixo@boqes.com,"2018-08-25 12:33:20, 2018-08-25 12:33:20"
55267,fadazo@pebul.org,
55267,mizoce@bikig.net,
55267,hinaka@qajiq.com,"2018-08-24 07:34:36, 2018-08-24 07:34:36"
55267,zikuzu@fusif.com,"2018-08-24 23:16:35, 2018-08-24 23:16:35"
55267,zikuzu@fusif.com,"2018-08-24 23:16:35, 2018-08-24 23:16:35"
55267,zikuzu@fusif.com,"2018-08-24 23:16:35, 2018-08-24 23:16:35"
55267,jofeci@vobem.net,
55267,xupise@vefom.com,
55267,jobaci@qacad.com,
55267,kawigo@sacag.net,"2018-08-23 08:06:18, 2018-08-23 08:06:18"
55267,cijufo@zoxam.net,"2018-08-21 19:23:40, 2018-08-21 19:23:40"
55267,qeponu@jazic.com,
55267,pihunu@gociw.org,
55267,rugavo@noxag.com,"2018-08-23 20:28:32, 2018-08-23 20:28:32"
55267,gepado@zulow.org,
55267,buxopi@zedev.net,"2018-08-23 08:43:54, 2018-08-23 08:43:54"
55267,buxopi@zedev.net,"2018-08-23 08:43:54, 2018-08-23 08:43:54"
55267,buxopi@zedev.net,"2018-08-23 08:43:54, 2018-08-23 08:43:54"
55267,dicoha@fivaz.net,
55267,duveqi@larab.com,"2018-08-21 14:31:20, 2018-08-21 14:31:20"
55267,sopetu@biweh.net,"2018-08-22 23:19:49, 2018-08-22 23:19:49"
55267,sopetu@biweh.net,"2018-08-22 23:19:49, 2018-08-22 23:19:49"
55267,sopetu@biweh.net,"2018-08-22 23:19:49, 2018-08-22 23:19:49"
55267,hukija@vonow.net,
55267,gocibo@fezir.net,
55267,gebave@huxos.org,
55267,juqule@jonuj.org,
55267,juxexu@gixuj.net,
55267,jovodo@wimud.net,"2018-08-24 12:20:51, 2018-08-24 12:20:51"
55267,turaru@bafer.org,"2018-08-22 12:10:35, 2018-08-22 12:10:35"
55267,peputa@sikew.net,
55267,vivuxo@hohul.org,
55267,veguri@rehez.org,"2018-08-23 13:12:51, 2018-08-23 13:12:51"
55267,yupaqe@merid.com,
55267,qewise@gohax.net,
55267,tokewe@gowij.com,
55267,tokewe@gowij.com,
55267,hohete@fizaj.org,"2018-08-22 03:30:47, 2018-08-22 03:30:47"
55267,sumuye@vajer.org,"2018-08-23 09:41:28, 2018-08-23 09:41:28"
55267,povani@mafax.org,
55267,basoqa@gocoj.net,
55267,saguju@mizen.com,
55267,himota@jaxan.org,
55267,hucufa@fukiv.net,
55267,lavogo@fusej.org,
55267,huciqi@cazox.net,
55267,huciqi@cazox.net,
55267,humazu@rizuw.net,
55267,cidera@zafam.org,
55267,canaca@tukaz.org,
55267,helowa@cifes.org,
55267,jalujo@wazib.org,"2018-08-25 02:48:39, 2018-08-25 02:48:39"
55267,rijuzo@wirit.org,"2018-08-20 21:49:08, 2018-08-20 21:49:08"
55267,cukama@pacob.net,"2018-08-20 20:49:46, 2018-08-20 20:49:46"
55267,kegedu@genuk.org,
55267,vuwoba@ciniw.org,
55267,cipowa@fepac.org,"2018-08-23 14:06:59, 2018-08-23 14:06:59"
55267,hegoto@gowib.net,"2018-08-25 09:31:44, 2018-08-25 09:31:44"
55267,dopire@posev.com,
55267,ridave@buyab.org,
55267,dacico@saxev.net,"2018-08-23 16:14:06, 2018-08-23 16:14:06"
55267,dacico@saxev.net,"2018-08-23 16:14:06, 2018-08-23 16:14:06"
55267,dacico@saxev.net,"2018-08-23 16:14:06, 2018-08-23 16:14:06"
55267,pepenu@quwiq.org,
55267,caqoqi@hotuh.org,
55267,yoliko@sokav.net,
55267,zinazu@retum.com,
55267,zotala@zeduk.com,"2018-08-22 22:42:28, 2018-08-22 22:42:28"
55267,zotala@zeduk.com,"2018-08-22 22:42:28, 2018-08-22 22:42:28"
55267,zotala@zeduk.com,"2018-08-22 22:42:28, 2018-08-22 22:42:28"
55267,zotala@zeduk.com,"2018-08-22 22:42:28, 2018-08-22 22:42:28"
55267,miwicu@cuvip.net,
55267,timifu@tidiw.com,
55267,wofori@lowec.net,
55267,wamilo@fudev.com,"2018-08-24 01:54:08, 2018-08-24 01:54:08"
55267,wamilo@fudev.com,"2018-08-24 01:54:08, 2018-08-24 01:54:08"
55267,wamilo@fudev.com,"2018-08-24 01:54:08, 2018-08-24 01:54:08"
55267,gikuvu@heqix.net,"2018-08-23 10:59:37, 2018-08-23 10:59:37"
55267,rasite@mubah.org,"2018-08-21 16:15:50, 2018-08-21 16:15:50"
55267,tedaro@cofuf.net,
55267,xivoye@jelac.org,
55267,potane@devat.com,
55267,riqoko@cuvir.net,"2018-08-25 06:48:44, 2018-08-25 06:48:44"
55267,riqoko@cuvir.net,"2018-08-25 06:48:44, 2018-08-25 06:48:44"
55267,riqoko@cuvir.net,"2018-08-25 06:48:44, 2018-08-25 06:48:44"
55267,riqoko@cuvir.net,"2018-08-25 06:48:44, 2018-08-25 06:48:44"
55267,vijeni@ralon.net,
55267,lutahu@woruq.org,"2018-08-24 20:11:11, 2018-08-24 20:11:11"
55267,lutahu@woruq.org,"2018-08-24 20:11:11, 2018-08-24 20:11:11"
55267,lutahu@woruq.org,"2018-08-24 20:11:11, 2018-08-24 20:11:11"
55267,lutahu@woruq.org,"2018-08-24 20:11:11, 2018-08-24 20:11:11"
55267,xiruzu@pigoc.net,
55267,fixumo@wevam.net,"2018-08-25 06:53:43, 2018-08-25 06:53:43"
55267,fixumo@wevam.net,"2018-08-25 06:53:43, 2018-08-25 06:53:43"
55267,bopojo@yonon.com,"2018-08-22 16:17:22, 2018-08-22 16:17:22"
55267,kemiga@pikiz.org,
55267,numudu@cizag.net,"2018-08-21 03:44:15, 2018-08-21 03:44:15"
55267,jajape@ziwub.com,"2018-08-23 23:33:56, 2018-08-23 23:33:56"
55267,kadali@dilix.org,
55267,yoxiwa@kesas.com,
55267,yoxiwa@kesas.com,
55267,yoxiwa@kesas.com,
55267,kifaju@kefaj.com,"2018-08-23 18:18:21, 2018-08-23 18:18:21"
55267,bewaqa@jeseg.org,"2018-08-21 14:07:23, 2018-08-21 14:07:23"
55267,xeyota@hudod.net,
55267,suyuwi@vojab.org,"2018-08-21 09:33:17, 2018-08-21 09:33:17"
55267,wexupu@qafaq.com,
55267,fajoqa@hicuq.com,
55267,bifofi@jajis.com,"2018-08-24 14:44:19, 2018-08-24 14:44:19"
55267,rexaqu@zimey.net,"2018-08-23 22:41:38, 2018-08-23 22:41:38"
55267,fawera@qazif.net,
55267,xuyupa@zohiw.com,"2018-08-24 09:23:53, 2018-08-24 09:23:53"
55267,sonafo@sucid.com,
55267,gubeco@gohef.org,
55267,yuvule@vifil.net,
55267,qomobi@kadix.org,
55267,laredo@vuqom.net,
55267,karare@heluh.org,
55267,dibube@wuxoj.net,"2018-08-23 06:54:59, 2018-08-23 06:54:59"
55267,gacixa@moqol.org,
55267,qiseko@tagac.com,"2018-08-21 13:26:37, 2018-08-21 13:26:37"
55267,hadika@worez.com,
55267,kimiya@jolir.com,"2018-08-24 14:15:37, 2018-08-24 14:15:37"
55267,fifuru@fawul.org,
55267,dihiki@rofix.net,"2018-08-21 06:30:34, 2018-08-21 06:30:34"
55267,wojove@kuroy.com,
55267,kumato@hogun.net,
55267,dunoce@yoxed.com,"2018-08-23 13:02:32, 2018-08-23 13:02:32"
55267,vofomi@jikay.com,
55267,fizugu@nibul.com,
55267,yugasu@sunuw.com,"2018-08-21 09:29:31, 2018-08-21 09:29:31"
55267,docojo@godoy.net,
55267,hogegu@refic.net,"2018-08-21 11:06:31, 2018-08-21 11:06:31"
55267,hogegu@refic.net,"2018-08-21 11:06:31, 2018-08-21 11:06:31"
55267,qoyima@sonon.org,
55267,jewili@feqaj.net,"2018-08-22 16:55:48, 2018-08-22 16:55:48"
55267,gowami@beqal.net,"2018-08-22 05:45:01, 2018-08-22 05:45:01"
55267,nawipu@werij.net,
55267,fuwoxa@wirew.com,
55267,lufive@cujik.net,"2018-08-21 22:52:28, 2018-08-21 22:52:28"
55267,lufive@cujik.net,"2018-08-21 22:52:28, 2018-08-21 22:52:28"
55267,lufive@cujik.net,"2018-08-21 22:52:28, 2018-08-21 22:52:28"
55267,bevoho@yuxeg.org,"2018-08-24 01:59:34, 2018-08-24 01:59:34"
55267,tanewo@kodid.net,
55267,vukewu@kupen.org,
55267,yocaxi@gojiv.org,
55267,fejaho@fotaq.org,"2018-08-21 06:18:33, 2018-08-21 06:18:33"
55267,fejaho@fotaq.org,"2018-08-21 06:18:33, 2018-08-21 06:18:33"
55267,fejaho@fotaq.org,"2018-08-21 06:18:33, 2018-08-21 06:18:33"
55267,wucuyi@fujef.org,
55267,kujazi@wuric.com,"2018-08-24 06:36:42, 2018-08-24 06:36:42"
55267,davivo@julan.com,
55267,bemavu@hibir.com,
55267,xeqeke@cejoj.com,
55267,gakata@kojuw.com,"2018-08-22 09:11:48, 2018-08-22 09:11:48"
55267,peweva@nukor.net,
55267,yujiho@yuyah.net,"2018-08-24 01:00:26, 2018-08-24 01:00:26"
55267,yujiho@yuyah.net,"2018-08-24 01:00:26, 2018-08-24 01:00:26"
55267,xulexi@laseq.com,
55267,tabome@wiruj.net,"2018-08-21 18:27:51, 2018-08-21 18:27:51"
55267,qarefa@merok.net,
55267,soloxo@fupux.org,"2018-08-22 06:19:59, 2018-08-22 06:19:59"
55267,bidopa@geyiz.net,
55267,nakati@ziyey.com,"2018-08-22 07:07:55, 2018-08-22 07:07:55"
55267,gabiti@xugiz.net,"2018-08-24 02:45:11, 2018-08-24 02:45:11"
55267,huticu@banej.com,
55267,jozozi@hovuk.org,"2018-08-24 16:51:34, 2018-08-24 16:51:34"
55267,dujota@nujih.net,
55267,pukoxa@memup.com,
55267,logeyu@faxub.net,
55267,gacawe@fasow.com,
55267,futewa@yazeg.com,"2018-08-20 23:05:19, 2018-08-20 23:05:19"
55267,tufire@favev.net,
55267,ritixe@zuqim.org,"2018-08-25 03:36:32, 2018-08-25 03:36:32"
55267,nosaqi@zanax.org,
55267,pezoba@ditip.com,"2018-08-24 11:16:16, 2018-08-24 11:16:16"
55267,rereti@hiyom.com,
55267,hunebe@buloj.org,
55267,soromu@nexih.com,"2018-08-24 02:12:47, 2018-08-24 02:12:47"
55267,lerazu@peyan.net,
55267,lerazu@peyan.net,
55267,lerazu@peyan.net,
55267,goveki@vixos.com,"2018-08-20 18:30:06, 2018-08-20 18:30:06"
55267,goveki@vixos.com,"2018-08-20 18:30:06, 2018-08-20 18:30:06"
55267,goveki@vixos.com,"2018-08-20 18:30:06, 2018-08-20 18:30:06"
55267,goveki@vixos.com,"2018-08-20 18:30:06, 2018-08-20 18:30:06"
55267,hahiyi@datuy.net,
55267,zofoxu@daret.org,
55267,tedame@pegav.net,
55267,jivoqo@minow.com,
55267,batuja@geceg.org,
55267,jiboni@patox.org,
55267,dotone@fufox.net,"2018-08-24 00:28:06, 2018-08-24 00:28:06"
55267,dotone@fufox.net,"2018-08-24 00:28:06, 2018-08-24 00:28:06"
55267,sopuxu@nivob.com,
55267,qiwaqa@zabek.org,
55267,qanami@quher.net,"2018-08-24 23:35:50, 2018-08-24 23:35:50"
55267,funuca@qamag.org,
55267,minoho@qabox.org,
55267,boyomo@yofuw.com,
55267,bagiqe@vuwak.com,
55267,gojeca@xegix.org,"2018-08-23 13:35:16, 2018-08-23 13:35:16"
55267,gojeca@xegix.org,"2018-08-23 13:35:16, 2018-08-23 13:35:16"
55267,gojeca@xegix.org,"2018-08-23 13:35:16, 2018-08-23 13:35:16"
55267,gojeca@xegix.org,"2018-08-23 13:35:16, 2018-08-23 13:35:16"
55267,kuluya@hobep.com,"2018-08-25 09:06:20, 2018-08-25 09:06:20"
55267,silobi@cigiy.com,"2018-08-24 20:15:39, 2018-08-24 20:15:39"
55267,rikogo@ciniq.net,
55267,siloru@dimor.net,"2018-08-23 09:57:20, 2018-08-23 09:57:20"
55267,vejute@kapup.net,
55267,texixu@xetop.com,
55267,zimuxe@nabav.com,
55267,qasalo@geniw.org,
55267,yagupi@lawoz.net,
55267,qotiyu@megor.com,
55267,nivala@woxuf.net,"2018-08-20 17:03:04, 2018-08-20 17:03:04"
55267,nivala@woxuf.net,"2018-08-20 17:03:04, 2018-08-20 17:03:04"
55267,sakawo@yeziz.net,
55267,gadovu@hamux.org,
55267,duseke@voqow.net,"2018-08-23 02:48:34, 2018-08-23 02:48:34"
55267,duseke@voqow.net,"2018-08-23 02:48:34, 2018-08-23 02:48:34"
55267,fagoja@gucod.org,"2018-08-24 19:10:56, 2018-08-24 19:10:56"
55267,hudige@pixev.net,"2018-08-22 18:33:10, 2018-08-22 18:33:10"
55267,kidugu@tevit.com,
55267,quhago@ligos.com,
55267,gocadu@qirom.net,"2018-08-23 14:57:49, 2018-08-23 14:57:49"
55267,giqune@dufaz.net,
55267,giqune@dufaz.net,
55267,giqune@dufaz.net,
55267,giqune@dufaz.net,
55267,gasubu@xedus.net,
55267,zufuju@vexul.net,
55267,dobega@jabeb.org,"2018-08-21 22:05:05, 2018-08-21 22:05:05"
55267,davixi@riyuj.net,
55267,davixi@riyuj.net,
55267,cobaje@gunal.com,"2018-08-22 22:58:39, 2018-08-22 22:58:39"
55267,cobaje@gunal.com,"2018-08-22 22:58:39, 2018-08-22 22:58:39"
55267,cobaje@gunal.com,"2018-08-22 22:58:39, 2018-08-22 22:58:39"
55267,cobaje@gunal.com,"2018-08-22 22:58:39, 2018-08-22 22:58:39"
55267,fugoce@mijoz.org,"2018-08-22 12:08:46, 2018-08-22 12:08:46"
55267,zawile@pidoc.net,
55267,comote@sutev.org,
55267,wofoju@vifut.org,"2018-08-23 11:14:10, 2018-08-23 11:14:10"
55267,bexaqo@cubot.com,
55267,rimesa@bakap.org,"2018-08-23 22:19:46, 2018-08-23 22:19:46"
55267,sovama@rosoq.com,"2018-08-25 02:17:34, 2018-08-25 02:17:34"
55267,sovama@rosoq.com,"2018-08-25 02:17:34, 2018-08-25 02:17:34"
55267,galuta@sogop.com,"2018-08-25 07:44:37, 2018-08-25 07:44:37"
55267,galuta@sogop.com,"2018-08-25 07:44:37, 2018-08-25 07:44:37"
55267,galuta@sogop.com,"2018-08-25 07:44:37, 2018-08-25 07:44:37"
55267,galuta@sogop.com,"2018-08-25 07:44:37, 2018-08-25 07:44:37"
55267,duboco@vures.com,
55267,bolika@xofok.org,"2018-08-24 09:39:48, 2018-08-24 09:39:48"
55267,comija@pucaq.com,
55267,hujiqi@datoh.net,
55267,runanu@tataf.net,"2018-08-20 17:50:36, 2018-08-20 17:50:36"
55267,wawoku@redut.org,
55267,lonaxa@rajih.net,
55267,cezubu@mamuh.net,
55267,temaxa@tumeg.net,
55267,gudigo@kewiv.com,
55267,witiyo@josur.net,
55267,hexezu@tavax.com,"2018-08-21 06:19:36, 2018-08-21 06:19:36"
55267,nivuxu@ragex.net,"2018-08-22 23:37:14, 2018-08-22 23:37:14"
55267,funojo@jadud.net,
55267,lukiki@zudav.com,"2018-08-20 23:24:52, 2018-08-20 23:24:52"
55267,fupuzo@retur.com,"2018-08-25 16:20:01, 2018-08-25 16:20:01"
55267,habuso@sumiq.net,"2018-08-25 13:18:13, 2018-08-25 13:18:13"
55267,jinole@kanup.net,
55267,paluco@harag.org,
55267,kolizu@doyuj.com,
55267,xodego@liyis.org,"2018-08-25 00:50:48, 2018-08-25 00:50:48"
55267,vequya@pasaz.org,
55267,vequya@pasaz.org,
55267,vequya@pasaz.org,
55267,vequya@pasaz.org,
55267,rejuyu@votoc.net,"2018-08-21 15:28:49, 2018-08-21 15:28:49"
55267,hamede@topoj.com,"2018-08-23 06:45:37, 2018-08-23 06:45:37"
55267,cugita@mixak.net,"2018-08-24 07:40:25, 2018-08-24 07:40:25"
55267,tukaci@kediv.net,"2018-08-25 07:11:56, 2018-08-25 07:11:56"
55267,tukaci@kediv.net,"2018-08-25 07:11:56, 2018-08-25 07:11:56"
55267,pejehe@vixoz.org,
55267,pejehe@vixoz.org,
55267,pejehe@vixoz.org,
55267,kulica@suyul.net,"2018-08-25 08:51:26, 2018-08-25 08:51:26"
55267,tusuhe@dohuk.net,"2018-08-25 11:05:23, 2018-08-25 11:05:23"
55267,hokuke@zosez.org,"2018-08-23 00:14:07, 2018-08-23 00:14:07"
55267,zosuzo@bupeg.net,
55267,qojigo@tahac.com,"2018-08-21 20:19:47, 2018-08-21 20:19:47"
55267,bofabi@fixir.com,
55267,goteti@muxey.net,
55267,tinuxa@wexur.org,"2018-08-23 14:29:51, 2018-08-23 14:29:51"
55267,xesoca@letoz.net,
55267,yiguga@jelep.org,
55267,yehixe@xabor.net,"2018-08-25 07:43:04, 2018-08-25 07:43:04"
55267,jadito@yuzal.com,"2018-08-24 19:17:09, 2018-08-24 19:17:09"
55267,jadito@yuzal.com,"2018-08-24 19:17:09, 2018-08-24 19:17:09"
55267,jadito@yuzal.com,"2018-08-24 19:17:09, 2018-08-24 19:17:09"
55267,jadito@yuzal.com,"2018-08-24 19:17:09, 2018-08-24 19:17:09"
55267,nikovi@rewax.com,
55267,suyane@junub.org,
55267,judaju@tedaf.net,"2018-08-21 19:23:09, 2018-08-21 19:23:09"
55267,ruqucu@lecuc.net,
55267,lotafu@hifag.com,
55267,fokage@diyod.org,"2018-08-20 19:07:44, 2018-08-20 19:07:44"
55267,cepini@celoy.com,
55267,fewojo@cibiz.net,
55267,xoqacu@suvaj.org,
55267,lotoqu@cavit.net,
55267,qedena@kugux.org,"2018-08-24 00:52:04, 2018-08-24 00:52:04"
55267,yepisi@wunez.com,
55267,zewolo@sacih.org,
55267,kideyo@cohug.com,"2018-08-25 10:48:11, 2018-08-25 10:48:11"
55267,tiqegu@veciv.org,"2018-08-21 13:27:40, 2018-08-21 13:27:40"
55267,pojuka@zojor.net,
55267,nezoto@kufiz.net,
55267,robuwe@salar.org,
55267,ribode@fatuj.org,
55267,yojita@sayul.net,
55267,jagiva@gemif.net,
55267,wubeve@buxah.net,
55267,mamile@vadup.org,"2018-08-24 03:11:40, 2018-08-24 03:11:40"
55267,yaxope@gequw.org,"2018-08-25 10:45:20, 2018-08-25 10:45:20"
55267,wacuki@gevof.com,
55267,mapeki@gatow.net,
55267,yewowi@tonol.com,"2018-08-22 10:53:55, 2018-08-22 10:53:55"
55267,riqopi@tekoq.org,
55267,xipira@zaguw.com,
55267,kevuye@zedaj.org,
55267,banoci@veneh.org,"2018-08-21 01:44:12, 2018-08-21 01:44:12"
55267,himiya@redap.net,
55267,cenita@vugad.org,"2018-08-22 11:49:43, 2018-08-22 11:49:43"
55267,rihojo@qoqim.net,
55267,mohapi@fafih.net,
55267,mohapi@fafih.net,
55267,garode@kunus.net,"2018-08-25 07:44:03, 2018-08-25 07:44:03"
55267,mabura@wipow.org,"2018-08-23 17:15:12, 2018-08-23 17:15:12"
55267,fefidu@sebum.org,
55267,toquyu@gufib.org,
55267,soqade@mejup.org,
55267,sikusu@siyor.net,"2018-08-21 02:45:43, 2018-08-21 02:45:43"
55267,cusuwi@rawaw.com,"2018-08-21 11:27:09, 2018-08-21 11:27:09"
55267,cusuwi@rawaw.com,"2018-08-21 11:27:09, 2018-08-21 11:27:09"
55267,cusuwi@rawaw.com,"2018-08-21 11:27:09, 2018-08-21 11:27:09"
55267,cusuwi@rawaw.com,"2018-08-21 11:27:09, 2018-08-21 11:27:09"
55267,rewoda@yirub.net,"2018-08-24 18:19:16, 2018-08-24 18:19:16"
55267,bejalo@befet.net,
55267,luzehu@dohon.net,"2018-08-24 03:32:23, 2018-08-24 03:32:23"
55267,luzehu@dohon.net,"2018-08-24 03:32:23, 2018-08-24 03:32:23"
55267,pilevi@lihit.com,"2018-08-20 17:02:22, 2018-08-20 17:02:22"
55267,tazugu@vebuz.org,"2018-08-21 07:08:26, 2018-08-21 07:08:26"
55267,kihove@pipah.com,
55267,bufoje@gezed.org,
55267,baguba@pevam.org,"2018-08-22 22:41:24, 2018-08-22 22:41:24"
55267,wihotu@mopop.net,
55267,cataje@quhab.org,
55267,woxuti@daral.com,"2018-08-23 08:34:10, 2018-08-23 08:34:10"
55267,jeyome@lodoz.org,"2018-08-24 17:02:44, 2018-08-24 17:02:44"
55267,jeyome@lodoz.org,"2018-08-24 17:02:44, 2018-08-24 17:02:44"
55267,jeyome@lodoz.org,"2018-08-24 17:02:44, 2018-08-24 17:02:44"
55267,jeyome@lodoz.org,"2018-08-24 17:02:44, 2018-08-24 17:02:44"
55267,fuhasu@nowec.org,"2018-08-23 11:54:20, 2018-08-23 11:54:20"
55267,mesoku@lataz.com,"2018-08-23 22:05:53, 2018-08-23 22:05:53"
55267,mesoku@lataz.com,"2018-08-23 22:05:53, 2018-08-23 22:05:53"
55267,mesoku@lataz.com,"2018-08-23 22:05:53, 2018-08-23 22:05:53"
55267,mesoku@lataz.com,"2018-08-23 22:05:53, 2018-08-23 22:05:53"
55267,gicuzu@juxiy.com,
55267,cakojo@zaheh.com,
55267,bibuca@qemez.com,
55267,humati@resoq.com,"2018-08-21 04:33:07, 2018-08-21 04:33:07"
55267,humati@resoq.com,"2018-08-21 04:33:07, 2018-08-21 04:33:07"
55267,zulani@yugad.org,"2018-08-22 01:57:21, 2018-08-22 01:57:21"
55267,zulani@yugad.org,"2018-08-22 01:57:21, 2018-08-22 01:57:21"
55267,zulani@yugad.org,"2018-08-22 01:57:21, 2018-08-22 01:57:21"
55267,yihevu@zomeq.com,
55267,penipo@yatak.com,
55267,penipo@yatak.com,
55267,latiwi@payah.com,"2018-08-23 17:30:08, 2018-08-23 17:30:08"
55267,fukuxe@pijen.org,"2018-08-21 15:36:26, 2018-08-21 15:36:26"
55267,fukuxe@pijen.org,"2018-08-21 15:36:26, 2018-08-21 15:36:26"
55267,lezeme@nizox.com,
55267,naheze@fezew.com,
55267,teloye@dofob.com,
55267,tusaju@defod.org,
55267,wadufo@qeqev.org,"2018-08-22 22:32:25, 2018-08-22 22:32:25"
55267,mayope@huzuy.com,
55267,qikelu@lezud.com,
55267,reworu@kukir.org,"2018-08-21 12:16:56, 2018-08-21 12:16:56"
55267,reworu@kukir.org,"2018-08-21 12:16:56, 2018-08-21 12:16:56"
55267,reworu@kukir.org,"2018-08-21 12:16:56, 2018-08-21 12:16:56"
55267,nowega@nusaw.org,
55267,molafe@rikil.net,
55267,jonomi@jupih.com,"2018-08-24 23:12:39, 2018-08-24 23:12:39"
55267,zukesu@dozit.org,
55267,toyova@dowij.com,
55267,serevu@mugir.org,
55267,serevu@mugir.org,
55267,kucoru@jejet.com,
55267,tobose@mafay.net,
55267,vidusi@sexaf.org,
55267,vidusi@sexaf.org,
55267,qoguqu@gibow.org,
55267,varero@gocip.org,
55267,joqiqu@videp.net,
55267,cidiha@ladiz.org,
55267,xokeko@kaxux.net,"2018-08-22 17:33:14, 2018-08-22 17:33:14"
55267,xokeko@kaxux.net,"2018-08-22 17:33:14, 2018-08-22 17:33:14"
55267,xokeko@kaxux.net,"2018-08-22 17:33:14, 2018-08-22 17:33:14"
55267,daraha@levew.org,
55267,belika@nulas.org,
55267,nasele@wupec.com,
55267,diboki@tazog.com,
55267,wifiji@nemat.com,
55267,diwexo@xepas.net,
55267,jakebi@guqiv.com,
55267,howezi@piyoq.net,"2018-08-21 09:54:06, 2018-08-21 09:54:06"
55267,wohaxi@zalug.org,
55267,mejaha@dijic.org,
55267,woxoqo@noxip.org,
55267,lovara@dasaq.com,
55267,fumohe@dixew.org,"2018-08-21 22:31:41, 2018-08-21 22:31:41"
55267,fumohe@dixew.org,"2018-08-21 22:31:41, 2018-08-21 22:31:41"
55267,qufoze@volog.net,"2018-08-24 19:17:22, 2018-08-24 19:17:22"
55267,qufoze@volog.net,"2018-08-24 19:17:22, 2018-08-24 19:17:22"
55267,qufoze@volog.net,"2018-08-24 19:17:22, 2018-08-24 19:17:22"
55267,qufoze@volog.net,"2018-08-24 19:17:22, 2018-08-24 19:17:22"
55267,neyudi@daces.com,
55267,nomoto@vigow.org,
55267,gohoqo@lahuj.net,
55267,qepiqo@jucip.net,"2018-08-21 22:25:17, 2018-08-21 22:25:17"
55267,faruci@kewef.org,
55267,yayofi@yuteg.org,
55267,sumulo@pazej.net,
55267,verepe@vocaz.org,
55267,kineyi@sucid.com,
55267,xabobu@pumut.net,
55267,hoyito@vihis.org,"2018-08-23 00:44:58, 2018-08-23 00:44:58"
55267,hoyito@vihis.org,"2018-08-23 00:44:58, 2018-08-23 00:44:58"
55267,hoyito@vihis.org,"2018-08-23 00:44:58, 2018-08-23 00:44:58"
55267,hoyito@vihis.org,"2018-08-23 00:44:58, 2018-08-23 00:44:58"
55267,xapuva@cagan.com,
55267,rariku@cafoz.net,
55267,qusape@fopod.org,"2018-08-23 13:58:49, 2018-08-23 13:58:49"
55267,gafuwe@mikos.org,
55267,kejovo@jawif.com,
55267,minome@fumer.net,
55267,higako@tonuf.net,
55267,xaxiba@lohun.org,
55267,repote@vecoj.org,
55267,xeviqu@loqit.org,
55267,jojeha@vawop.net,
55267,lufebi@vizuh.org,"2018-08-22 15:37:12, 2018-08-22 15:37:12"
55267,yedawa@rigir.net,
55267,hetejo@hacun.org,
55267,wajexi@tazax.com,
55267,bukaqa@paguh.net,"2018-08-22 19:56:05, 2018-08-22 19:56:05"
55267,zuboro@qomad.org,"2018-08-22 17:06:46, 2018-08-22 17:06:46"
55267,kajehu@masus.net,"2018-08-20 19:16:11, 2018-08-20 19:16:11"
55267,riniqo@dufoq.org,"2018-08-25 10:57:59, 2018-08-25 10:57:59"
55267,xulume@fejox.net,
55267,bokubo@cudig.org,
55267,tuzula@witot.net,
55267,fexexi@qugol.net,"2018-08-22 12:38:32, 2018-08-22 12:38:32"
55267,rehiho@poyir.net,"2018-08-22 06:06:28, 2018-08-22 06:06:28"
55267,xaxura@nezup.org,
55267,qiyixa@tibif.com,"2018-08-24 01:20:31, 2018-08-24 01:20:31"
55267,huqoku@vamap.net,
55267,jakali@vahoj.com,"2018-08-25 06:27:06, 2018-08-25 06:27:06"
55267,fuloha@juhiy.org,
55267,kebazu@hoyag.com,
55267,wuqogo@kirir.org,"2018-08-22 23:34:33, 2018-08-22 23:34:33"
55267,polabe@mirow.net,
55267,pajepe@miyuj.net,"2018-08-24 21:54:37, 2018-08-24 21:54:37"
55267,pajepe@miyuj.net,"2018-08-24 21:54:37, 2018-08-24 21:54:37"
55267,pajepe@miyuj.net,"2018-08-24 21:54:37, 2018-08-24 21:54:37"
55267,pajepe@miyuj.net,"2018-08-24 21:54:37, 2018-08-24 21:54:37"
55267,sojisa@detuy.com,
55267,cofezi@rawuk.org,
55267,biwuwu@yiyup.net,"2018-08-23 18:15:45, 2018-08-23 18:15:45"
55267,xopaso@fufov.net,
55267,caciso@rovel.com,
55267,setosi@duley.com,
55267,qevuha@vigod.org,
55267,yogufe@qifox.org,"2018-08-22 01:25:18, 2018-08-22 01:25:18"
55267,doqoci@pegow.net,
55267,xonaho@nasem.org,
55267,venaze@mogaf.com,
55267,humeyi@velif.net,"2018-08-23 14:45:00, 2018-08-23 14:45:00"
55267,tatixo@sewub.com,"2018-08-20 21:15:34, 2018-08-20 21:15:34"
55267,tatixo@sewub.com,"2018-08-20 21:15:34, 2018-08-20 21:15:34"
55267,soloni@yejok.com,"2018-08-22 05:37:30, 2018-08-22 05:37:30"
55267,wayike@docax.org,"2018-08-24 19:16:58, 2018-08-24 19:16:58"
55267,xebeki@patos.net,"2018-08-23 10:15:09, 2018-08-23 10:15:09"
55267,ficafi@nujur.net,
55267,xesadi@curac.org,"2018-08-23 07:57:52, 2018-08-23 07:57:52"
55267,memaja@zakuy.com,
55267,sovafi@pahub.net,"2018-08-22 09:26:41, 2018-08-22 09:26:41"
55267,sovafi@pahub.net,"2018-08-22 09:26:41, 2018-08-22 09:26:41"
55267,qisetu@lufem.net,
55267,kobesa@mosib.com,
55267,kagije@tatow.org,
55267,rizuja@kinic.com,"2018-08-25 00:55:09, 2018-08-25 00:55:09"
55267,qajoni@yifiy.net,
55267,xorati@vegat.org,"2018-08-22 22:49:24, 2018-08-22 22:49:24"
55267,yawohi@ralif.com,
55267,dodaye@capen.net,"2018-08-21 19:32:18, 2018-08-21 19:32:18"
55267,huyube@sayuw.org,
55267,nareqa@deweh.com,"2018-08-25 03:50:46, 2018-08-25 03:50:46"
55267,baceyo@fisut.com,
55267,qugege@kuyeg.com,"2018-08-21 07:33:44, 2018-08-21 07:33:44"
55267,ruxada@qanad.net,
55267,keyole@hazuw.com,"2018-08-21 19:14:12, 2018-08-21 19:14:12"
55267,keyole@hazuw.com,"2018-08-21 19:14:12, 2018-08-21 19:14:12"
55267,keyole@hazuw.com,"2018-08-21 19:14:12, 2018-08-21 19:14:12"
55267,keyole@hazuw.com,"2018-08-21 19:14:12, 2018-08-21 19:14:12"
55267,tuvawa@buxim.net,
55267,tevaqu@xalow.com,
55267,wafuba@kifoz.com,
55267,qezipe@gijes.org,
55267,qezipe@gijes.org,
55267,dobili@dutim.org,
55267,culohu@xiteg.com,
55267,revoro@zariq.org,
55267,hukiyu@zaqah.net,"2018-08-22 05:31:22, 2018-08-22 05:31:22"
55267,mafafa@letej.com,
55267,didoco@katur.com,
55267,yaxoza@qigej.com,
55267,rerubo@kodef.org,
55267,rerubo@kodef.org,
55267,rerubo@kodef.org,
55267,komeha@yijur.com,
55267,kedonu@qusos.org,
55267,naceni@yucug.com,"2018-08-24 15:37:18, 2018-08-24 15:37:18"
55267,naceni@yucug.com,"2018-08-24 15:37:18, 2018-08-24 15:37:18"
55267,naceni@yucug.com,"2018-08-24 15:37:18, 2018-08-24 15:37:18"
55267,naceni@yucug.com,"2018-08-24 15:37:18, 2018-08-24 15:37:18"
55267,giseku@zegev.com,"2018-08-24 23:50:11, 2018-08-24 23:50:11"
55267,tumujo@bikuk.org,
55267,qexoya@hapel.org,
55267,galipu@pimer.com,"2018-08-22 06:52:29, 2018-08-22 06:52:29"
55267,lecalu@fohoy.com,
55267,yevijo@xidid.org,
55267,gikira@lecep.net,
55267,gikira@lecep.net,
55267,gikira@lecep.net,
55267,gikira@lecep.net,
55267,zojoxa@mifuy.net,"2018-08-24 04:46:40, 2018-08-24 04:46:40"
84042,vozuxe@pedek.com,
84042,dawahi@fobap.org,
84042,dimato@hadif.net,"2018-08-24 19:52:45, 2018-08-24 19:52:45"
84042,dimato@hadif.net,"2018-08-24 19:52:45, 2018-08-24 19:52:45"
84042,dimato@hadif.net,"2018-08-24 19:52:45, 2018-08-24 19:52:45"
84042,gutuxe@riliq.com,"2018-08-23 08:47:14, 2018-08-23 08:47:14"
84042,qejeso@neyaz.org,
84042,tasiso@heqey.com,
84042,nuqece@yuyus.com,
84042,sebetu@tigam.org,
84042,qufuja@kagam.org,"2018-08-21 07:17:53, 2018-08-21 07:17:53"
84042,vesuwi@koreh.org,
84042,joziqa@rehob.com,
84042,puvijo@cayof.org,"2018-08-20 17:44:35, 2018-08-20 17:44:35"
84042,sidone@veged.com,"2018-08-22 12:56:06, 2018-08-22 12:56:06"
84042,pojuvu@tumeb.org,
84042,rinara@wugih.com,
84042,sadufu@qiwig.org,
84042,gutiru@xojom.net,
84042,qutote@teroj.com,
84042,xexowa@cefim.org,"2018-08-25 02:14:14, 2018-08-25 02:14:14"
84042,joniri@qazib.com,"2018-08-22 22:28:02, 2018-08-22 22:28:02"
84042,liwinu@gimam.com,"2018-08-21 03:37:13, 2018-08-21 03:37:13"
84042,xixole@lecok.org,
84042,cunego@ciwod.com,
84042,gizoco@forut.org,"2018-08-22 05:53:56, 2018-08-22 05:53:56"
84042,qopeqo@nilad.com,"2018-08-23 00:45:33, 2018-08-23 00:45:33"
84042,qopeqo@nilad.com,"2018-08-23 00:45:33, 2018-08-23 00:45:33"
84042,qopeqo@nilad.com,"2018-08-23 00:45:33, 2018-08-23 00:45:33"
84042,qopeqo@nilad.com,"2018-08-23 00:45:33, 2018-08-23 00:45:33"
84042,nuwuyo@quqef.com,"2018-08-22 12:26:46, 2018-08-22 12:26:46"
84042,qixeki@qohos.net,
84042,doqifu@piles.com,"2018-08-25 02:45:14, 2018-08-25 02:45:14"
84042,doqifu@piles.com,"2018-08-25 02:45:14, 2018-08-25 02:45:14"
84042,gazigu@detig.com,
84042,sovezi@dizow.com,"2018-08-25 13:30:45, 2018-08-25 13:30:45"
84042,sovezi@dizow.com,"2018-08-25 13:30:45, 2018-08-25 13:30:45"
84042,sovezi@dizow.com,"2018-08-25 13:30:45, 2018-08-25 13:30:45"
84042,sovezi@dizow.com,"2018-08-25 13:30:45, 2018-08-25 13:30:45"
84042,betade@kiwon.com,"2018-08-25 08:45:15, 2018-08-25 08:45:15"
84042,vigobo@lozik.org,
84042,vigobo@lozik.org,
84042,vigobo@lozik.org,
84042,vigobo@lozik.org,
84042,yosehu@gehuf.org,"2018-08-22 13:56:52, 2018-08-22 13:56:52"
84042,yosehu@gehuf.org,"2018-08-22 13:56:52, 2018-08-22 13:56:52"
84042,yosehu@gehuf.org,"2018-08-22 13:56:52, 2018-08-22 13:56:52"
84042,mazuce@zudok.org,
84042,pafesa@melaq.com,"2018-08-21 04:23:03, 2018-08-21 04:23:03"
84042,mudezi@ruroc.com,
84042,xocinu@jolip.com,"2018-08-23 12:53:48, 2018-08-23 12:53:48"
84042,camedi@keyoq.com,
84042,camedi@keyoq.com,
84042,camedi@keyoq.com,
84042,linaca@kajit.net,
84042,qujobe@vebeq.com,"2018-08-25 05:52:25, 2018-08-25 05:52:25"
84042,sofuzo@dodoj.com,
84042,nivuni@rijif.com,
84042,qoyawe@luhec.org,
84042,cogita@qijak.org,"2018-08-24 15:34:17, 2018-08-24 15:34:17"
84042,mikafu@budaq.com,
84042,finiva@sotux.net,"2018-08-25 09:55:20, 2018-08-25 09:55:20"
84042,lesewo@sebac.com,
84042,pufore@fumow.com,
84042,kokebe@rozoy.org,
84042,qumaze@gaqoq.net,
84042,yucure@wohem.com,
84042,huribe@xihak.org,"2018-08-21 08:55:06, 2018-08-21 08:55:06"
84042,zuwiva@lupot.com,
84042,viquci@ziciy.net,"2018-08-22 16:14:57, 2018-08-22 16:14:57"
84042,viquci@ziciy.net,"2018-08-22 16:14:57, 2018-08-22 16:14:57"
84042,soqada@mugeh.org,"2018-08-25 04:35:07, 2018-08-25 04:35:07"
84042,puliba@juwuk.net,"2018-08-25 09:25:40, 2018-08-25 09:25:40"
84042,pajave@veqeg.org,"2018-08-25 08:13:10, 2018-08-25 08:13:10"
84042,pajave@veqeg.org,"2018-08-25 08:13:10, 2018-08-25 08:13:10"
84042,deresi@puheq.org,
84042,vosiwi@zevak.org,
84042,lovari@wowov.org,
84042,lovari@wowov.org,
84042,vitaso@tohac.com,
84042,fizupo@tunim.com,"2018-08-22 05:04:36, 2018-08-22 05:04:36"
84042,vucoyo@besul.org,
84042,yitexo@tivuw.org,
84042,zewita@megug.org,"2018-08-23 01:45:49, 2018-08-23 01:45:49"
84042,mozini@bixud.net,
84042,daqabo@xipiq.net,
84042,numowu@razob.com,
84042,wixenu@tatuz.net,"2018-08-20 23:06:52, 2018-08-20 23:06:52"
84042,peqiqi@vukoh.com,
84042,loxoxi@qalur.com,
84042,nuhoce@qazaz.com,
84042,qilise@xidit.net,
84042,wejehe@xevox.org,"2018-08-23 13:28:07, 2018-08-23 13:28:07"
84042,wejehe@xevox.org,"2018-08-23 13:28:07, 2018-08-23 13:28:07"
84042,wejehe@xevox.org,"2018-08-23 13:28:07, 2018-08-23 13:28:07"
84042,wejehe@xevox.org,"2018-08-23 13:28:07, 2018-08-23 13:28:07"
84042,buxuyi@qihid.org,
84042,ragaqu@rafir.net,
84042,qecuho@lodux.net,
84042,bujowa@gobun.org,"2018-08-25 08:23:33, 2018-08-25 08:23:33"
84042,sebuvo@jujow.org,
84042,gigeyo@burey.org,
84042,gigeyo@burey.org,
84042,yawopu@heqiv.org,"2018-08-23 12:37:59, 2018-08-23 12:37:59"
84042,fuyafo@zecah.net,"2018-08-25 13:16:16, 2018-08-25 13:16:16"
84042,fuyafo@zecah.net,"2018-08-25 13:16:16, 2018-08-25 13:16:16"
84042,fuyafo@zecah.net,"2018-08-25 13:16:16, 2018-08-25 13:16:16"
84042,voyeje@qurig.net,
84042,cikulo@bonev.com,
84042,ribuca@linil.net,
84042,cuhaga@yuheg.com,
84042,fuwojo@geguz.net,
84042,wabamu@xawuj.com,
84042,deqewo@vavep.net,
84042,yujasi@fusej.net,
84042,zufado@sogab.com,"2018-08-25 04:12:34, 2018-08-25 04:12:34"
84042,wolaho@firav.net,"2018-08-21 04:04:16, 2018-08-21 04:04:16"
84042,zotelo@lusuj.org,
84042,tuweha@bulaz.org,
84042,vuqori@bejob.com,
84042,xetefu@nahox.com,
84042,zemuca@xewoq.net,"2018-08-24 21:17:24, 2018-08-24 21:17:24"
84042,butago@wuvad.com,
84042,cojili@cewev.org,
84042,cijicu@rataz.org,
84042,jegafo@tazif.net,
84042,toqexi@rafuw.org,"2018-08-24 06:06:22, 2018-08-24 06:06:22"
84042,yekiwo@mewem.com,
84042,yixahi@yovub.com,
84042,menoye@docem.net,"2018-08-24 09:04:25, 2018-08-24 09:04:25"
84042,gogala@niwab.net,"2018-08-25 16:19:27, 2018-08-25 16:19:27"
84042,foyuxi@yikej.com,
84042,cujege@dufob.net,"2018-08-22 20:42:12, 2018-08-22 20:42:12"
84042,layula@tatuq.com,
84042,zefahu@mosoq.net,"2018-08-22 23:47:21, 2018-08-22 23:47:21"
84042,zefahu@mosoq.net,"2018-08-22 23:47:21, 2018-08-22 23:47:21"
84042,zefahu@mosoq.net,"2018-08-22 23:47:21, 2018-08-22 23:47:21"
84042,qidovu@vihar.com,
84042,vaheye@fedap.com,"2018-08-23 14:15:26, 2018-08-23 14:15:26"
84042,levequ@vaxub.org,
84042,cipeso@yeqep.org,
84042,xuxasu@begox.net,
84042,vogoya@jawam.com,
84042,roheco@mafip.org,
84042,jalehu@mawin.com,
84042,tobuhi@zobux.org,"2018-08-24 01:51:34, 2018-08-24 01:51:34"
84042,tobuhi@zobux.org,"2018-08-24 01:51:34, 2018-08-24 01:51:34"
84042,tobuhi@zobux.org,"2018-08-24 01:51:34, 2018-08-24 01:51:34"
84042,tobuhi@zobux.org,"2018-08-24 01:51:34, 2018-08-24 01:51:34"
84042,beqoso@xulim.com,"2018-08-23 20:57:45, 2018-08-23 20:57:45"
84042,zopuve@xemiq.org,
84042,vopewe@palah.org,"2018-08-23 22:48:21, 2018-08-23 22:48:21"
84042,vutiyo@lined.com,"2018-08-21 04:19:34, 2018-08-21 04:19:34"
84042,tipusi@sibal.org,"2018-08-21 23:54:19, 2018-08-21 23:54:19"
84042,bewewe@fipoq.org,
84042,vapopo@voqew.net,"2018-08-22 05:40:32, 2018-08-22 05:40:32"
84042,vapopo@voqew.net,"2018-08-22 05:40:32, 2018-08-22 05:40:32"
84042,tacari@zilug.net,
84042,zimuqa@saveq.com,
84042,cajohu@gisiw.net,"2018-08-20 22:52:40, 2018-08-20 22:52:40"
84042,hugozu@mecup.org,"2018-08-23 19:45:47, 2018-08-23 19:45:47"
84042,hugozu@mecup.org,"2018-08-23 19:45:47, 2018-08-23 19:45:47"
84042,hugozu@mecup.org,"2018-08-23 19:45:47, 2018-08-23 19:45:47"
84042,heyise@vecab.com,
84042,segaze@yinak.net,"2018-08-24 10:06:56, 2018-08-24 10:06:56"
84042,domoka@howaz.net,
84042,cecene@huwip.org,
84042,cecene@huwip.org,
84042,cecene@huwip.org,
84042,cecene@huwip.org,
84042,voboxu@xixor.net,
84042,vixiqe@zedih.net,
84042,jeyaki@gujab.org,
84042,welilu@ratoj.org,
84042,cabavi@xedes.net,"2018-08-23 00:07:21, 2018-08-23 00:07:21"
84042,yazodo@cucer.com,"2018-08-23 01:31:08, 2018-08-23 01:31:08"
84042,kabeda@lelej.org,
84042,ticuqu@tubaz.com,
84042,cebufo@tavos.org,"2018-08-22 08:09:21, 2018-08-22 08:09:21"
84042,nevato@ridel.org,"2018-08-22 08:24:34, 2018-08-22 08:24:34"
84042,gaheze@vuhaq.com,
84042,ganewa@gewas.net,
84042,vuvume@buzeg.org,
84042,racora@lojas.net,"2018-08-24 16:57:20, 2018-08-24 16:57:20"
84042,vipoli@gegir.net,
84042,xelilu@gamob.org,
84042,vicavu@jubuf.net,
84042,nodafa@disok.org,
84042,febeta@pivah.com,"2018-08-20 18:24:33, 2018-08-20 18:24:33"
84042,begepi@lajil.net,"2018-08-23 05:35:44, 2018-08-23 05:35:44"
84042,dabote@zubeb.net,
84042,sewate@savub.com,
84042,puhula@bamep.com,
84042,qupira@fabuc.net,"2018-08-22 06:15:55, 2018-08-22 06:15:55"
84042,wulegi@jobuj.net,
84042,gizaxi@yaqit.com,"2018-08-24 06:36:21, 2018-08-24 06:36:21"
84042,xajuye@zujal.org,
84042,feciqu@noxoj.org,
84042,rugeja@jeyiv.net,"2018-08-21 23:57:13, 2018-08-21 23:57:13"
84042,gofefo@kamok.org,"2018-08-21 00:29:24, 2018-08-21 00:29:24"
84042,gofefo@kamok.org,"2018-08-21 00:29:24, 2018-08-21 00:29:24"
84042,gofefo@kamok.org,"2018-08-21 00:29:24, 2018-08-21 00:29:24"
84042,gofefo@kamok.org,"2018-08-21 00:29:24, 2018-08-21 00:29:24"
84042,denuyu@nuyav.org,
84042,denuyu@nuyav.org,
84042,denuyu@nuyav.org,
84042,denuyu@nuyav.org,
84042,buduke@tezow.net,"2018-08-23 05:27:51, 2018-08-23 05:27:51"
84042,buduke@tezow.net,"2018-08-23 05:27:51, 2018-08-23 05:27:51"
84042,vuciji@tepem.org,
84042,zuvipu@fegap.com,
84042,nozofo@nilin.org,
84042,zerale@mujan.com,
84042,puvexu@yasur.net,
84042,hitozi@vijow.net,
84042,mapaso@qabig.net,
84042,bedilu@yafot.net,"2018-08-23 05:48:46, 2018-08-23 05:48:46"
84042,pepiwu@tiram.org,
84042,dawona@qifuc.org,
84042,givopa@kucos.org,"2018-08-24 19:57:51, 2018-08-24 19:57:51"
84042,givopa@kucos.org,"2018-08-24 19:57:51, 2018-08-24 19:57:51"
84042,givopa@kucos.org,"2018-08-24 19:57:51, 2018-08-24 19:57:51"
84042,givopa@kucos.org,"2018-08-24 19:57:51, 2018-08-24 19:57:51"
84042,dayase@pawuh.org,
84042,bofiko@peyep.org,"2018-08-22 06:36:39, 2018-08-22 06:36:39"
84042,huludo@cezeg.net,
84042,rayaqi@didiv.org,"2018-08-21 07:28:42, 2018-08-21 07:28:42"
84042,rayaqi@didiv.org,"2018-08-21 07:28:42, 2018-08-21 07:28:42"
84042,rayaqi@didiv.org,"2018-08-21 07:28:42, 2018-08-21 07:28:42"
84042,rihave@webuv.org,
84042,boviru@pecok.net,"2018-08-24 11:47:37, 2018-08-24 11:47:37"
84042,dujulo@posoc.com,"2018-08-23 07:20:40, 2018-08-23 07:20:40"
84042,vuqidu@cadap.com,
84042,xuyino@vimol.com,"2018-08-24 20:53:46, 2018-08-24 20:53:46"
84042,xuyino@vimol.com,"2018-08-24 20:53:46, 2018-08-24 20:53:46"
84042,ririvo@dabax.com,
84042,nitoha@padiq.net,
84042,fomiku@tedat.com,
84042,fomiku@tedat.com,
84042,fomiku@tedat.com,
84042,fomiku@tedat.com,
84042,wihare@zafaz.net,
84042,widexu@zijob.com,"2018-08-24 02:25:00, 2018-08-24 02:25:00"
84042,cofeqa@zafuj.net,
84042,yemuji@gowey.net,"2018-08-23 11:09:12, 2018-08-23 11:09:12"
84042,matabo@jepuk.com,"2018-08-23 05:55:58, 2018-08-23 05:55:58"
84042,kimaco@voyot.org,
84042,weyoqo@sibuk.net,"2018-08-22 18:23:06, 2018-08-22 18:23:06"
84042,zinovo@tiken.org,
84042,bumaxi@vagih.com,
84042,pidiwi@kagid.com,
84042,rupexi@zawir.com,
84042,rupexi@zawir.com,
84042,wesaju@neyan.org,
84042,yodasu@mowux.com,"2018-08-22 05:58:09, 2018-08-22 05:58:09"
84042,curaxu@salum.org,
84042,curaxu@salum.org,
84042,poqove@kerav.net,
84042,rayapu@mayis.org,
84042,xodita@cobem.net,
84042,fiwate@dosip.org,
84042,cejute@zakab.com,
84042,pesipo@gapip.org,
84042,vayahi@canik.net,
84042,nakife@socuf.net,
84042,fociyo@bocun.org,"2018-08-21 20:38:48, 2018-08-21 20:38:48"
84042,ceyuju@canij.com,
84042,yadasi@kaxez.org,"2018-08-22 04:48:00, 2018-08-22 04:48:00"
84042,madanu@zeqow.com,"2018-08-22 04:31:29, 2018-08-22 04:31:29"
84042,vetivu@jedix.net,
84042,mipigi@tetaw.org,"2018-08-25 08:29:29, 2018-08-25 08:29:29"
84042,mipigi@tetaw.org,"2018-08-25 08:29:29, 2018-08-25 08:29:29"
84042,mipigi@tetaw.org,"2018-08-25 08:29:29, 2018-08-25 08:29:29"
84042,mipigi@tetaw.org,"2018-08-25 08:29:29, 2018-08-25 08:29:29"
84042,bopize@madiz.com,"2018-08-23 03:51:59, 2018-08-23 03:51:59"
84042,bojura@kujow.net,"2018-08-22 22:42:56, 2018-08-22 22:42:56"
84042,walixu@vazob.com,
84042,dexizo@bazat.net,
84042,hulibo@kubig.org,
84042,canufi@bejax.org,
84042,kulaje@wiwuv.net,"2018-08-20 20:33:15, 2018-08-20 20:33:15"
84042,kulaje@wiwuv.net,"2018-08-20 20:33:15, 2018-08-20 20:33:15"
84042,vijugu@qiwun.org,
84042,nuleqi@wisub.net,
84042,vureya@tatev.org,
84042,cireja@yolof.com,"2018-08-23 18:09:40, 2018-08-23 18:09:40"
84042,cireja@yolof.com,"2018-08-23 18:09:40, 2018-08-23 18:09:40"
84042,cireja@yolof.com,"2018-08-23 18:09:40, 2018-08-23 18:09:40"
84042,cireja@yolof.com,"2018-08-23 18:09:40, 2018-08-23 18:09:40"
84042,qoqosi@piquv.net,
84042,pukeru@lijef.org,"2018-08-23 21:36:44, 2018-08-23 21:36:44"
84042,puvero@lujeg.com,
84042,payada@deliv.com,"2018-08-24 02:15:52, 2018-08-24 02:15:52"
84042,giqabi@qegif.net,
84042,vugoge@gulip.net,"2018-08-25 12:26:33, 2018-08-25 12:26:33"
84042,mupova@dadaw.com,"2018-08-22 13:20:55, 2018-08-22 13:20:55"
84042,hobejo@pomir.com,
84042,ruyoye@kuwek.org,"2018-08-23 00:51:22, 2018-08-23 00:51:22"
84042,kuyivi@lutag.com,"2018-08-23 02:10:10, 2018-08-23 02:10:10"
84042,zesoce@talox.net,"2018-08-20 19:52:45, 2018-08-20 19:52:45"
84042,xezote@fehiy.net,
84042,cajere@hudel.com,
84042,wafoxa@qiwem.com,"2018-08-23 16:41:21, 2018-08-23 16:41:21"
84042,cuqori@zawol.net,
84042,rakale@cufaw.net,
84042,caluhi@cikik.org,"2018-08-21 04:46:32, 2018-08-21 04:46:32"
84042,kagejo@cikoj.com,"2018-08-23 22:53:25, 2018-08-23 22:53:25"
84042,kagejo@cikoj.com,"2018-08-23 22:53:25, 2018-08-23 22:53:25"
84042,kagejo@cikoj.com,"2018-08-23 22:53:25, 2018-08-23 22:53:25"
84042,qigude@leqak.org,"2018-08-25 05:24:01, 2018-08-25 05:24:01"
84042,rarafo@teduv.org,"2018-08-25 14:39:26, 2018-08-25 14:39:26"
84042,vapizo@tebop.org,
84042,cumunu@puqab.com,"2018-08-22 09:29:48, 2018-08-22 09:29:48"
84042,rabelu@kupan.com,
84042,boxobe@gufif.com,
84042,barayu@zeyoz.com,"2018-08-21 07:40:39, 2018-08-21 07:40:39"
84042,pezojo@ruvow.org,
84042,sohenu@kesag.com,
84042,mavogo@lajaq.org,
84042,cosabo@noliy.com,
84042,luwahi@sunaq.net,"2018-08-22 12:29:13, 2018-08-22 12:29:13"
84042,dosabe@fubec.net,"2018-08-23 17:33:55, 2018-08-23 17:33:55"
84042,vimaki@depeh.org,"2018-08-24 13:38:17, 2018-08-24 13:38:17"
84042,nosewi@zojiq.org,"2018-08-20 19:41:58, 2018-08-20 19:41:58"
84042,vumemo@zonuk.com,
84042,xujaqo@cexag.com,
84042,vukawi@qunug.net,
84042,qabevi@kokad.net,
84042,tihudi@gazac.net,"2018-08-22 05:22:02, 2018-08-22 05:22:02"
84042,tihudi@gazac.net,"2018-08-22 05:22:02, 2018-08-22 05:22:02"
84042,tihudi@gazac.net,"2018-08-22 05:22:02, 2018-08-22 05:22:02"
84042,tihudi@gazac.net,"2018-08-22 05:22:02, 2018-08-22 05:22:02"
84042,yumena@kafaq.net,
84042,qopeba@puqux.org,
84042,qopeba@puqux.org,
84042,qopeba@puqux.org,
84042,qopeba@puqux.org,
84042,cuyeru@zolij.com,"2018-08-25 16:34:32, 2018-08-25 16:34:32"
84042,xevewi@saxaf.com,
84042,behari@zupor.com,
84042,liziga@wutod.org,
84042,gupawe@motov.net,"2018-08-25 10:16:24, 2018-08-25 10:16:24"
84042,gupawe@motov.net,"2018-08-25 10:16:24, 2018-08-25 10:16:24"
84042,mogewi@dotug.org,"2018-08-24 18:12:44, 2018-08-24 18:12:44"
84042,gesiva@cewoh.com,
84042,vedicu@dimoz.org,"2018-08-21 23:06:44, 2018-08-21 23:06:44"
84042,gevodi@xixil.com,
84042,kitapu@qexev.org,"2018-08-23 22:50:52, 2018-08-23 22:50:52"
84042,kitapu@qexev.org,"2018-08-23 22:50:52, 2018-08-23 22:50:52"
84042,kitapu@qexev.org,"2018-08-23 22:50:52, 2018-08-23 22:50:52"
84042,kitapu@qexev.org,"2018-08-23 22:50:52, 2018-08-23 22:50:52"
84042,buqani@kozok.net,
84042,buqani@kozok.net,
84042,buqani@kozok.net,
84042,kuqaya@mufab.com,
84042,nefuzi@wenaq.org,"2018-08-21 14:20:12, 2018-08-21 14:20:12"
84042,nefuzi@wenaq.org,"2018-08-21 14:20:12, 2018-08-21 14:20:12"
84042,nefuzi@wenaq.org,"2018-08-21 14:20:12, 2018-08-21 14:20:12"
84042,vikoge@socun.com,
84042,voyugo@karaq.org,
84042,huneza@necev.net,"2018-08-20 22:15:24, 2018-08-20 22:15:24"
84042,gozaxi@zepaw.org,"2018-08-25 00:23:22, 2018-08-25 00:23:22"
84042,jufayo@ropen.com,"2018-08-21 08:35:06, 2018-08-21 08:35:06"
84042,mosaju@hopuh.com,
84042,tipeba@hohem.net,
84042,tipeba@hohem.net,
84042,tipeba@hohem.net,
84042,tipeba@hohem.net,
84042,dazulo@perun.org,
84042,rezedi@faciv.net,"2018-08-24 23:15:18, 2018-08-24 23:15:18"
84042,jupoye@rayaj.org,"2018-08-24 20:58:48, 2018-08-24 20:58:48"
84042,jupoye@rayaj.org,"2018-08-24 20:58:48, 2018-08-24 20:58:48"
84042,yozaji@kolix.org,
84042,xafigo@lutoj.org,
84042,dohovi@holok.com,"2018-08-25 14:05:22, 2018-08-25 14:05:22"
84042,dohovi@holok.com,"2018-08-25 14:05:22, 2018-08-25 14:05:22"
84042,dohovi@holok.com,"2018-08-25 14:05:22, 2018-08-25 14:05:22"
84042,puzawe@tepam.net,
84042,nejihu@nupey.org,"2018-08-25 04:24:43, 2018-08-25 04:24:43"
84042,zoxexa@kawoc.net,
84042,yukufo@diluc.net,
84042,zazeba@pimir.org,
84042,gipuba@cezuz.org,"2018-08-21 09:58:10, 2018-08-21 09:58:10"
84042,viratu@mufun.net,
84042,juwisi@bizim.org,
84042,qorewi@mecub.org,
84042,wuyaru@domiv.org,"2018-08-24 17:47:16, 2018-08-24 17:47:16"
84042,yirazu@hujep.com,
84042,yirazu@hujep.com,
84042,dokuni@lecul.org,
84042,naluna@gocaj.net,"2018-08-24 20:06:44, 2018-08-24 20:06:44"
84042,wutuxu@xumiq.com,
84042,laguho@polec.com,"2018-08-21 13:28:39, 2018-08-21 13:28:39"
84042,pefazu@damuj.com,"2018-08-21 02:46:09, 2018-08-21 02:46:09"
84042,hesoze@puvuz.net,
84042,vujohe@rejiz.org,"2018-08-21 19:32:12, 2018-08-21 19:32:12"
84042,dumifa@dakul.org,
84042,manufi@qewan.com,
84042,gufidi@yenum.org,
84042,tehota@zepoq.com,
84042,mahono@xitib.net,
84042,pikeni@hayuc.net,
84042,donawa@beyof.com,
84042,lukewe@jigak.net,
84042,lukewe@jigak.net,
84042,lukewe@jigak.net,
84042,lukewe@jigak.net,
84042,suruvo@yavam.com,
84042,gojafe@guwop.com,
84042,qeyopu@zukah.com,
84042,jerufi@jawoq.com,
84042,yawawi@qemam.net,
84042,puwera@faduc.net,
84042,kedabo@fecig.org,
84042,facape@poyex.org,"2018-08-22 03:31:33, 2018-08-22 03:31:33"
84042,tedeye@leqez.org,
84042,qeyami@puzog.net,
84042,lefoca@tupuq.com,"2018-08-22 08:04:53, 2018-08-22 08:04:53"
84042,vigewi@dateh.net,"2018-08-23 16:42:12, 2018-08-23 16:42:12"
84042,xotehi@wevuy.com,
84042,kigepo@vuzum.com,"2018-08-22 16:39:32, 2018-08-22 16:39:32"
84042,dagumo@judef.org,
84042,ridaco@vaquw.org,
84042,rideha@likix.org,
84042,mineyu@tuqir.net,
84042,xekovu@sopat.net,
84042,nanewa@vocih.net,"2018-08-24 08:43:56, 2018-08-24 08:43:56"
84042,nanewa@vocih.net,"2018-08-24 08:43:56, 2018-08-24 08:43:56"
84042,nanewa@vocih.net,"2018-08-24 08:43:56, 2018-08-24 08:43:56"
84042,nanewa@vocih.net,"2018-08-24 08:43:56, 2018-08-24 08:43:56"
84042,wotetu@setok.com,"2018-08-24 13:16:42, 2018-08-24 13:16:42"
84042,tigimu@wolug.com,"2018-08-24 11:40:28, 2018-08-24 11:40:28"
84042,vofapo@tejih.com,
84042,hikola@nojom.org,
84042,nocidi@jefih.net,"2018-08-23 01:43:22, 2018-08-23 01:43:22"
84042,dulafe@fubix.com,"2018-08-21 03:41:05, 2018-08-21 03:41:05"
84042,teradi@xogoh.net,
84042,gimani@mekiz.org,
84042,putena@yales.com,
84042,lizequ@zanoh.com,
84042,xinadi@felon.com,
84042,gatiti@risog.net,
84042,gatiti@risog.net,
84042,gatiti@risog.net,
84042,delofe@xogeg.net,
84042,welise@fomos.net,
84042,resuta@tavob.net,"2018-08-23 17:24:09, 2018-08-23 17:24:09"
84042,funabo@wihuq.org,"2018-08-24 12:11:05, 2018-08-24 12:11:05"
84042,gewudu@tazeq.net,"2018-08-24 13:19:28, 2018-08-24 13:19:28"
84042,werusa@bitut.net,
84042,reyili@dawed.org,"2018-08-23 05:34:51, 2018-08-23 05:34:51"
84042,rereme@qucor.org,"2018-08-21 14:14:52, 2018-08-21 14:14:52"
84042,wuseqi@pejod.net,
84042,javali@tafuq.org,
84042,jatoja@likid.org,"2018-08-22 20:21:36, 2018-08-22 20:21:36"
84042,wedunu@radev.com,
84042,korovi@wevul.com,"2018-08-24 02:00:48, 2018-08-24 02:00:48"
84042,honayo@zatib.org,
84042,niwiti@valox.com,
84042,weruho@yucog.net,"2018-08-21 23:35:42, 2018-08-21 23:35:42"
84042,cazeqe@zitir.org,
84042,bifuri@tiwec.com,
84042,fokiko@hoqup.net,
84042,xabaxu@lisak.com,"2018-08-25 09:06:41, 2018-08-25 09:06:41"
84042,dokoso@cixiy.org,"2018-08-23 09:17:51, 2018-08-23 09:17:51"
84042,dokoso@cixiy.org,"2018-08-23 09:17:51, 2018-08-23 09:17:51"
84042,dokoso@cixiy.org,"2018-08-23 09:17:51, 2018-08-23 09:17:51"
84042,babewe@tured.org,
84042,tupeme@wanaj.org,"2018-08-23 04:38:15, 2018-08-23 04:38:15"
84042,gogere@pifos.org,
84042,jicule@fuyay.net,
84042,bubone@relif.net,"2018-08-23 20:51:06, 2018-08-23 20:51:06"
84042,babaye@nefeq.net,"2018-08-21 17:56:21, 2018-08-21 17:56:21"
84042,babaye@nefeq.net,"2018-08-21 17:56:21, 2018-08-21 17:56:21"
84042,babaye@nefeq.net,"2018-08-21 17:56:21, 2018-08-21 17:56:21"
84042,seyeko@hexum.org,
84042,raxono@xahat.org,
84042,zujeni@kocac.com,"2018-08-21 22:19:06, 2018-08-21 22:19:06"
84042,hifuce@revab.org,"2018-08-21 15:34:47, 2018-08-21 15:34:47"
84042,buyayo@diduc.net,"2018-08-21 21:27:46, 2018-08-21 21:27:46"
84042,petagu@qimot.com,"2018-08-21 12:51:36, 2018-08-21 12:51:36"
84042,petagu@qimot.com,"2018-08-21 12:51:36, 2018-08-21 12:51:36"
84042,sovami@havid.com,
84042,zeposu@qukuf.com,
84042,wonimo@quseh.org,
84042,yizoza@kisak.org,"2018-08-22 19:38:31, 2018-08-22 19:38:31"
84042,zawadu@mapid.org,"2018-08-25 12:57:30, 2018-08-25 12:57:30"
84042,zawadu@mapid.org,"2018-08-25 12:57:30, 2018-08-25 12:57:30"
84042,zawadu@mapid.org,"2018-08-25 12:57:30, 2018-08-25 12:57:30"
84042,lowotu@necur.org,
84042,zokece@kuqem.com,"2018-08-23 15:38:01, 2018-08-23 15:38:01"
84042,tiwetu@yexad.net,
84042,vujoki@jenej.org,
84042,hupevi@legat.com,
84042,qahuyi@tikop.com,
84042,doyija@mamon.com,"2018-08-24 13:52:14, 2018-08-24 13:52:14"
84042,dazuyu@zivud.com,
84042,zisape@wafis.net,
84042,zisape@wafis.net,
84042,zisape@wafis.net,
84042,sizare@mezeh.org,
84042,gadono@nubek.net,
84042,xikoma@vuzih.org,
84042,cerite@duzoy.org,
84042,sejeso@dafez.com,
84042,seroji@bopan.com,
84042,zegado@poyuk.org,
84042,zuviyi@suked.com,"2018-08-23 16:49:01, 2018-08-23 16:49:01"
84042,lexoye@gutum.net,
84042,bexufu@juvoz.com,
84042,celuza@nogep.org,
84042,meyolo@buguj.net,"2018-08-23 11:05:52, 2018-08-23 11:05:52"
84042,meyolo@buguj.net,"2018-08-23 11:05:52, 2018-08-23 11:05:52"
84042,meyolo@buguj.net,"2018-08-23 11:05:52, 2018-08-23 11:05:52"
84042,jixeqe@duhix.net,"2018-08-25 16:16:17, 2018-08-25 16:16:17"
84042,xohewo@vucin.net,
84042,horipu@kuwod.com,"2018-08-22 09:34:05, 2018-08-22 09:34:05"
84042,diriwi@niqej.org,
84042,kuluco@junit.net,"2018-08-23 22:06:06, 2018-08-23 22:06:06"
84042,xuxigi@xaken.org,"2018-08-22 15:53:44, 2018-08-22 15:53:44"
84042,korinu@vumit.net,"2018-08-23 14:18:50, 2018-08-23 14:18:50"
84042,zaroga@vobam.com,"2018-08-22 11:17:13, 2018-08-22 11:17:13"
84042,hugewe@qifov.org,"2018-08-24 13:15:45, 2018-08-24 13:15:45"
84042,tihaqe@pisuj.net,
84042,qifaru@jugud.org,
84042,halasu@wulep.net,
84042,bijijo@mowad.org,"2018-08-20 22:25:52, 2018-08-20 22:25:52"
84042,kexipi@pijat.org,"2018-08-21 17:30:05, 2018-08-21 17:30:05"
84042,fujeme@gumut.org,
84042,fujeme@gumut.org,
84042,cugisa@fewac.net,"2018-08-24 16:37:24, 2018-08-24 16:37:24"
84042,jokabi@daqej.net,
84042,fikeho@narib.com,
84042,takotu@taweb.org,
84042,piwebu@dafuq.com,
84042,muqulo@xutof.org,
84042,zijeru@zazov.org,
84042,huhuyo@yujel.net,
84042,bevobe@vunej.org,
84042,recucu@duqur.com,
84042,kejuvi@seyip.org,"2018-08-24 08:14:22, 2018-08-24 08:14:22"
84042,kenani@yojah.com,
84042,nivoxi@pukog.org,"2018-08-21 07:42:25, 2018-08-21 07:42:25"
84042,nivoxi@pukog.org,"2018-08-21 07:42:25, 2018-08-21 07:42:25"
84042,nikame@mofub.com,"2018-08-23 11:39:49, 2018-08-23 11:39:49"
84042,jihome@kagan.net,"2018-08-22 14:28:53, 2018-08-22 14:28:53"
84042,jihome@kagan.net,"2018-08-22 14:28:53, 2018-08-22 14:28:53"
84042,xapaqi@sexos.com,
84042,xapaqi@sexos.com,
84042,xapaqi@sexos.com,
84042,tudile@gadeq.com,
84042,wesohe@velif.org,"2018-08-24 12:15:19, 2018-08-24 12:15:19"
84042,ciluso@figil.com,
84042,dacaza@nomap.com,
84042,seqiga@mocaj.org,"2018-08-22 14:54:20, 2018-08-22 14:54:20"
84042,nonuga@bajoy.net,"2018-08-22 07:21:29, 2018-08-22 07:21:29"
84042,nonuga@bajoy.net,"2018-08-22 07:21:29, 2018-08-22 07:21:29"
84042,beliso@beyov.com,
84042,fazupo@casih.net,
84042,gisoxa@periz.com,"2018-08-21 13:01:58, 2018-08-21 13:01:58"
84042,ricapo@latip.net,
84042,banofi@xaqiw.net,
84042,jemamo@yimon.net,
84042,darodo@xujob.com,"2018-08-23 20:51:22, 2018-08-23 20:51:22"
84042,xogeju@mamav.net,"2018-08-21 20:31:11, 2018-08-21 20:31:11"
84042,xogeju@mamav.net,"2018-08-21 20:31:11, 2018-08-21 20:31:11"
84042,xogeju@mamav.net,"2018-08-21 20:31:11, 2018-08-21 20:31:11"
84042,xogeju@mamav.net,"2018-08-21 20:31:11, 2018-08-21 20:31:11"
84042,dokeko@maset.org,"2018-08-22 17:10:04, 2018-08-22 17:10:04"
84042,bopoqo@ranih.net,
84042,bopoqo@ranih.net,
84042,zuxuro@sogeh.com,
84042,mivejo@konob.net,
84042,kaneda@juqey.com,"2018-08-24 06:12:01, 2018-08-24 06:12:01"
84042,yewamu@fabox.com,
84042,cikuci@cakal.org,
84042,yehaki@dipes.net,
84042,kiciru@lumer.org,
84042,berije@yucar.org,
84042,nukeho@lenos.net,
84042,bidegi@dosav.net,
84042,fovedo@yokip.net,"2018-08-22 03:56:28, 2018-08-22 03:56:28"
84042,wetehe@xumer.com,"2018-08-25 13:28:21, 2018-08-25 13:28:21"
84042,wetehe@xumer.com,"2018-08-25 13:28:21, 2018-08-25 13:28:21"
84042,wetehe@xumer.com,"2018-08-25 13:28:21, 2018-08-25 13:28:21"
84042,nofutu@wuzih.com,"2018-08-22 17:01:38, 2018-08-22 17:01:38"
84042,mavoqe@fidoq.net,
84042,varovo@geluc.net,
84042,bedibo@xomiq.org,"2018-08-24 05:05:21, 2018-08-24 05:05:21"
84042,bedibo@xomiq.org,"2018-08-24 05:05:21, 2018-08-24 05:05:21"
84042,bedibo@xomiq.org,"2018-08-24 05:05:21, 2018-08-24 05:05:21"
84042,bedibo@xomiq.org,"2018-08-24 05:05:21, 2018-08-24 05:05:21"
84042,minuyo@fitos.com,
84042,xileso@ceyin.net,
84042,hinisa@wibib.com,
84042,fibuya@zefur.com,
84042,vanana@zagev.com,
84042,bociko@fariz.net,"2018-08-24 22:40:03, 2018-08-24 22:40:03"
84042,zorewu@dalub.org,"2018-08-23 15:56:34, 2018-08-23 15:56:34"
84042,teqowe@cucod.org,
84042,rabise@jinuv.org,"2018-08-20 18:33:24, 2018-08-20 18:33:24"
84042,rabise@jinuv.org,"2018-08-20 18:33:24, 2018-08-20 18:33:24"
84042,rabise@jinuv.org,"2018-08-20 18:33:24, 2018-08-20 18:33:24"
84042,megepi@xoxey.net,
84042,qozeta@qixil.com,
84042,zolimi@memih.com,
84042,mijiwu@nepuw.com,
84042,bewiko@caluh.com,"2018-08-20 20:36:50, 2018-08-20 20:36:50"
84042,suhoki@loxex.com,
84042,xerece@wirad.org,
84042,rirufi@nuver.org,
84042,cazapu@gebam.org,"2018-08-23 15:26:16, 2018-08-23 15:26:16"
84042,lugiru@numuq.com,"2018-08-20 22:33:44, 2018-08-20 22:33:44"
84042,purava@fifip.net,"2018-08-24 21:51:07, 2018-08-24 21:51:07"
84042,purava@fifip.net,"2018-08-24 21:51:07, 2018-08-24 21:51:07"
84042,purava@fifip.net,"2018-08-24 21:51:07, 2018-08-24 21:51:07"
84042,facoma@fonop.org,
84042,dogase@vabek.org,
84042,widaci@sokah.net,
84042,siracu@zalaq.net,
84042,qaronu@rosik.com,
84042,pujina@heriv.net,
88175,fuyufi@gojeq.org,
88175,qetele@qoxet.org,"2018-08-24 03:15:05, 2018-08-24 03:15:05"
88175,qetele@qoxet.org,"2018-08-24 03:15:05, 2018-08-24 03:15:05"
88175,qetele@qoxet.org,"2018-08-24 03:15:05, 2018-08-24 03:15:05"
88175,qetele@qoxet.org,"2018-08-24 03:15:05, 2018-08-24 03:15:05"
88175,daqubi@nutog.net,
88175,hozewe@jijuw.com,
88175,rokeqa@kabur.com,
88175,rokeqa@kabur.com,
88175,cujado@jipoq.com,
88175,zitewu@zanec.org,
88175,buqiga@yoruc.com,
88175,soduti@yotac.net,
88175,vusufe@wifit.org,"2018-08-25 13:31:02, 2018-08-25 13:31:02"
88175,rodewe@rihij.com,
88175,rogaro@xeyiw.net,
88175,maxaho@qalon.org,
88175,hiwege@nicuv.net,"2018-08-21 07:31:00, 2018-08-21 07:31:00"
88175,toduqe@hohim.com,
88175,wimada@lorik.net,
88175,horuqa@qajat.org,
88175,faxexa@xotiw.org,
88175,mepexu@sahaf.org,"2018-08-22 03:42:51, 2018-08-22 03:42:51"
88175,futuca@taxot.net,
88175,nonopa@rigok.com,
88175,naquha@ratat.org,
88175,todozu@yucuc.org,
88175,vawide@sibob.org,"2018-08-25 09:47:42, 2018-08-25 09:47:42"
88175,vawide@sibob.org,"2018-08-25 09:47:42, 2018-08-25 09:47:42"
88175,samogo@zaxom.com,"2018-08-23 17:49:04, 2018-08-23 17:49:04"
88175,yikowa@qoyom.org,
88175,buzaju@nofaz.com,"2018-08-22 22:50:36, 2018-08-22 22:50:36"
88175,takero@nepef.com,
88175,jegimi@zamos.org,"2018-08-23 16:48:44, 2018-08-23 16:48:44"
88175,jegimi@zamos.org,"2018-08-23 16:48:44, 2018-08-23 16:48:44"
88175,jegimi@zamos.org,"2018-08-23 16:48:44, 2018-08-23 16:48:44"
88175,jegimi@zamos.org,"2018-08-23 16:48:44, 2018-08-23 16:48:44"
88175,kogitu@ruhaq.org,
88175,yejove@zinof.com,
88175,rozebu@valul.com,
88175,zepoli@pofic.net,
88175,detenu@makat.com,"2018-08-21 16:54:24, 2018-08-21 16:54:24"
88175,rirudu@nevih.net,
88175,vozove@rujep.org,
88175,bapube@sapas.net,
88175,raziti@potut.org,"2018-08-22 16:44:07, 2018-08-22 16:44:07"
88175,wimisu@nuqic.net,
88175,nasuzo@xenus.org,
88175,nonuxa@piwib.net,"2018-08-21 02:42:43, 2018-08-21 02:42:43"
88175,teseku@ribid.com,"2018-08-23 11:45:15, 2018-08-23 11:45:15"
88175,kecete@waquh.com,
88175,jizaqo@qafiq.net,"2018-08-22 19:47:43, 2018-08-22 19:47:43"
88175,jizaqo@qafiq.net,"2018-08-22 19:47:43, 2018-08-22 19:47:43"
88175,wuvalu@jurit.net,
88175,lolanu@bitej.org,
88175,cojava@licoz.net,
88175,coyiwa@xolow.org,
88175,ciyazi@qidil.org,
88175,cutizu@pawuc.org,
88175,cimodu@jucux.org,
88175,decuze@kixev.org,"2018-08-21 17:20:52, 2018-08-21 17:20:52"
88175,decuze@kixev.org,"2018-08-21 17:20:52, 2018-08-21 17:20:52"
88175,cucore@fubex.org,"2018-08-24 02:23:30, 2018-08-24 02:23:30"
88175,yekodu@lolom.org,
88175,zawadi@yisid.net,
88175,toviti@moxaw.net,
88175,tocije@vuher.org,
88175,loqufa@boqak.net,
88175,qufefo@mavig.org,
88175,doxuxu@luzuy.com,
88175,geqoco@qicer.org,
88175,baxide@zalow.net,
88175,qavewu@hinuk.com,"2018-08-25 04:29:27, 2018-08-25 04:29:27"
88175,fahori@najam.net,
88175,nifivo@suqiy.net,"2018-08-23 07:38:36, 2018-08-23 07:38:36"
88175,nifivo@suqiy.net,"2018-08-23 07:38:36, 2018-08-23 07:38:36"
88175,nifivo@suqiy.net,"2018-08-23 07:38:36, 2018-08-23 07:38:36"
88175,tikela@watof.net,
88175,tikela@watof.net,
88175,vanehi@rijuc.com,
88175,livaci@cuyig.org,
88175,paducu@yidil.com,
88175,vuxabi@rofaf.org,
88175,wimabi@deqah.org,
88175,higihu@tulam.com,
88175,tuloye@qedav.org,
88175,fejapa@konuc.org,"2018-08-21 04:49:18, 2018-08-21 04:49:18"
88175,denefe@tikiy.org,"2018-08-20 22:05:03, 2018-08-20 22:05:03"
88175,duqemi@divub.net,"2018-08-23 09:12:45, 2018-08-23 09:12:45"
88175,zahaqo@rajuy.com,
88175,tinuro@hujoc.net,"2018-08-21 22:03:49, 2018-08-21 22:03:49"
88175,xatomu@yokel.org,
88175,xatomu@yokel.org,
88175,xatomu@yokel.org,
88175,xatomu@yokel.org,
88175,tugobo@liqiw.com,
88175,dokuza@sugun.org,
88175,rajuzu@pokof.com,
88175,febatu@xicar.net,
88175,febatu@xicar.net,
88175,febatu@xicar.net,
88175,febatu@xicar.net,
88175,noyuka@siqac.net,
88175,noyuka@siqac.net,
88175,noyuka@siqac.net,
88175,noyuka@siqac.net,
88175,bovusa@xiqob.net,
88175,guyugi@jijat.org,
88175,berane@xemog.org,
88175,tonoqo@xonuk.net,
88175,bodowe@viwox.org,"2018-08-24 02:37:58, 2018-08-24 02:37:58"
88175,muteku@habux.net,"2018-08-21 13:47:56, 2018-08-21 13:47:56"
88175,muquwi@mekox.com,"2018-08-22 15:03:00, 2018-08-22 15:03:00"
88175,muquwi@mekox.com,"2018-08-22 15:03:00, 2018-08-22 15:03:00"
88175,supago@vusup.org,"2018-08-24 05:53:55, 2018-08-24 05:53:55"
88175,supago@vusup.org,"2018-08-24 05:53:55, 2018-08-24 05:53:55"
88175,fugoga@lisaw.org,"2018-08-22 12:57:22, 2018-08-22 12:57:22"
88175,hupuxe@jabot.net,"2018-08-25 14:02:00, 2018-08-25 14:02:00"
88175,pohovo@qegiv.com,"2018-08-22 12:51:21, 2018-08-22 12:51:21"
88175,pohovo@qegiv.com,"2018-08-22 12:51:21, 2018-08-22 12:51:21"
88175,fikici@logos.net,"2018-08-20 17:19:49, 2018-08-20 17:19:49"
88175,fikici@logos.net,"2018-08-20 17:19:49, 2018-08-20 17:19:49"
88175,fikici@logos.net,"2018-08-20 17:19:49, 2018-08-20 17:19:49"
88175,fikici@logos.net,"2018-08-20 17:19:49, 2018-08-20 17:19:49"
88175,xezuru@degeh.net,
88175,vefila@zefiz.com,"2018-08-22 12:11:07, 2018-08-22 12:11:07"
88175,yegigu@zocaz.com,"2018-08-23 18:56:59, 2018-08-23 18:56:59"
88175,yahiwa@ducic.com,
88175,bakito@fezic.com,
88175,gekoke@yoxuw.org,
88175,sohiza@zenuk.net,"2018-08-21 13:47:25, 2018-08-21 13:47:25"
88175,nexuko@coxuw.com,
88175,hedowa@dumax.com,
88175,mokaji@qoyoh.org,
88175,rukose@joras.org,
88175,rukose@joras.org,
88175,rukose@joras.org,
88175,dozeci@bezab.net,
88175,vijado@ziyox.org,
88175,terimo@redey.org,"2018-08-23 05:16:10, 2018-08-23 05:16:10"
88175,terimo@redey.org,"2018-08-23 05:16:10, 2018-08-23 05:16:10"
88175,terimo@redey.org,"2018-08-23 05:16:10, 2018-08-23 05:16:10"
88175,dopige@jibit.net,
88175,kazozi@reguy.org,"2018-08-24 22:51:21, 2018-08-24 22:51:21"
88175,nideni@yuxez.net,
88175,jiwobo@nimuz.org,"2018-08-24 22:21:24, 2018-08-24 22:21:24"
88175,jiwobo@nimuz.org,"2018-08-24 22:21:24, 2018-08-24 22:21:24"
88175,jiwobo@nimuz.org,"2018-08-24 22:21:24, 2018-08-24 22:21:24"
88175,jiwobo@nimuz.org,"2018-08-24 22:21:24, 2018-08-24 22:21:24"
88175,susidu@tenep.com,
88175,donuku@gafij.org,
88175,wukiro@yinal.net,
88175,pubazo@doxoq.org,
88175,xejoru@sonux.net,
88175,sarixa@digah.com,"2018-08-24 13:24:21, 2018-08-24 13:24:21"
88175,derepi@tigox.org,
88175,derepi@tigox.org,
88175,besaqi@weqis.org,
88175,kefuto@jocuj.com,
88175,zulixo@guxug.org,
88175,woxuci@kevow.com,
88175,rezido@nehoj.org,"2018-08-25 16:32:15, 2018-08-25 16:32:15"
88175,rezido@nehoj.org,"2018-08-25 16:32:15, 2018-08-25 16:32:15"
88175,rezido@nehoj.org,"2018-08-25 16:32:15, 2018-08-25 16:32:15"
88175,huqana@qizaf.org,
88175,vuledi@tuliy.org,"2018-08-22 02:38:29, 2018-08-22 02:38:29"
88175,tucata@raral.net,
88175,jimizi@hubew.net,
88175,haraso@nisoc.com,"2018-08-21 18:52:18, 2018-08-21 18:52:18"
88175,fomoda@sapin.org,
88175,woyiwu@rawim.org,
88175,qiputa@sehas.net,
88175,mevenu@fazey.net,
88175,lusubu@yivot.org,"2018-08-24 16:50:23, 2018-08-24 16:50:23"
88175,lusubu@yivot.org,"2018-08-24 16:50:23, 2018-08-24 16:50:23"
88175,lusubu@yivot.org,"2018-08-24 16:50:23, 2018-08-24 16:50:23"
88175,yujavi@zecip.net,"2018-08-20 18:07:48, 2018-08-20 18:07:48"
88175,nupubu@racup.org,
88175,wewohi@keyed.net,
88175,hidami@cutog.net,
88175,jaguju@tixib.com,
88175,luwere@ponow.net,
88175,taduho@giyac.org,
88175,kivexu@yiwub.org,
88175,cedeji@filiz.net,
88175,zozopo@verib.com,"2018-08-21 22:49:56, 2018-08-21 22:49:56"
88175,zozopo@verib.com,"2018-08-21 22:49:56, 2018-08-21 22:49:56"
88175,nexuma@vetar.org,"2018-08-23 04:14:00, 2018-08-23 04:14:00"
88175,solomu@tibiy.net,"2018-08-23 01:19:16, 2018-08-23 01:19:16"
88175,feheva@yoyub.org,
88175,warume@tucax.net,
88175,hevefo@sugup.org,
88175,sohide@xuhec.com,"2018-08-22 12:28:59, 2018-08-22 12:28:59"
88175,guciji@wajam.com,
88175,polefi@cisuz.com,"2018-08-21 21:24:15, 2018-08-21 21:24:15"
88175,donuxa@zukiw.org,
88175,logipa@jabij.com,"2018-08-22 11:32:50, 2018-08-22 11:32:50"
88175,tanayi@xapun.org,"2018-08-24 19:00:33, 2018-08-24 19:00:33"
88175,tupoci@tojaz.com,
88175,hozari@cidan.net,"2018-08-22 00:18:37, 2018-08-22 00:18:37"
88175,lizede@sijuj.net,
88175,mejiso@fizaf.com,
88175,sesafu@vojaf.net,
88175,zoyexa@sesep.net,"2018-08-22 21:51:51, 2018-08-22 21:51:51"
88175,tedazi@hidur.org,"2018-08-21 17:22:06, 2018-08-21 17:22:06"
88175,nokowe@qivoh.com,
88175,vobiye@widak.com,
88175,wogaso@sahar.com,"2018-08-22 07:05:48, 2018-08-22 07:05:48"
88175,wemuta@ruheg.com,"2018-08-22 13:38:44, 2018-08-22 13:38:44"
88175,rekaze@vomah.com,"2018-08-22 04:21:08, 2018-08-22 04:21:08"
88175,poqeno@gamek.net,
88175,waxeho@wopax.org,
88175,daveya@gopor.com,
88175,pegeve@dilix.org,"2018-08-25 10:25:35, 2018-08-25 10:25:35"
88175,gepuxe@yutaf.org,
88175,hehipu@rulud.net,
88175,horuce@vewun.com,"2018-08-24 21:10:58, 2018-08-24 21:10:58"
88175,voqahe@kimox.com,"2018-08-22 14:41:20, 2018-08-22 14:41:20"
88175,voqahe@kimox.com,"2018-08-22 14:41:20, 2018-08-22 14:41:20"
88175,voqahe@kimox.com,"2018-08-22 14:41:20, 2018-08-22 14:41:20"
88175,narato@behil.org,
88175,kuleha@niyun.com,"2018-08-24 20:26:00, 2018-08-24 20:26:00"
88175,wemusi@conor.net,"2018-08-23 12:49:07, 2018-08-23 12:49:07"
88175,diqeha@bazit.org,"2018-08-23 06:51:29, 2018-08-23 06:51:29"
88175,cosema@rarin.net,
88175,toneve@nasiy.com,"2018-08-24 15:21:24, 2018-08-24 15:21:24"
88175,tinica@dozay.net,
88175,mufima@qukem.com,
88175,riliqo@mikas.org,
88175,xalige@fanew.com,
88175,rojoka@cupaw.net,
88175,nuvida@xahow.com,"2018-08-23 05:16:36, 2018-08-23 05:16:36"
88175,nuvida@xahow.com,"2018-08-23 05:16:36, 2018-08-23 05:16:36"
88175,nuvida@xahow.com,"2018-08-23 05:16:36, 2018-08-23 05:16:36"
88175,pipinu@sizoc.net,
88175,pipinu@sizoc.net,
88175,nebiwa@wucev.net,"2018-08-22 01:06:36, 2018-08-22 01:06:36"
88175,ruvace@sirih.net,"2018-08-23 10:59:52, 2018-08-23 10:59:52"
88175,hosako@haqun.com,
88175,voladu@qaxuc.org,
88175,fuximi@cidey.com,"2018-08-23 02:10:27, 2018-08-23 02:10:27"
88175,paxaga@momoy.org,
88175,waqotu@pefiv.net,
88175,kinero@moven.org,
88175,mavese@sadep.com,"2018-08-24 15:31:48, 2018-08-24 15:31:48"
88175,dabune@dovop.net,
88175,dabune@dovop.net,
88175,cilewu@pasag.net,
88175,yafime@wosul.com,
88175,popici@hulom.org,
88175,pimori@wehus.com,
88175,pimori@wehus.com,
88175,lipedo@darom.net,"2018-08-25 06:56:45, 2018-08-25 06:56:45"
88175,rikevu@tudos.com,
88175,nefuqi@zuqil.net,"2018-08-25 16:44:11, 2018-08-25 16:44:11"
88175,wicuzo@pisur.org,
88175,lezajo@famuv.com,
88175,qezaye@junut.net,
88175,ruceqa@haluk.com,
88175,puduxu@datuq.com,
88175,poguqi@pufim.com,
88175,lebero@memol.org,
88175,yudoxe@melob.com,
88175,wucalo@geciy.com,
88175,zezemo@lujep.com,
88175,xukaxu@buwib.net,"2018-08-21 15:24:28, 2018-08-21 15:24:28"
88175,nebahe@zurel.org,
88175,naxaso@sikik.org,"2018-08-22 14:03:59, 2018-08-22 14:03:59"
88175,cateha@kehor.net,
88175,luzinu@ciwip.com,
88175,siniru@zixem.org,"2018-08-21 19:42:11, 2018-08-21 19:42:11"
88175,yuyixu@viret.net,"2018-08-22 14:39:01, 2018-08-22 14:39:01"
88175,yuyixu@viret.net,"2018-08-22 14:39:01, 2018-08-22 14:39:01"
88175,zibumu@baxir.com,
88175,gurigi@rujik.com,
88175,xetoba@nelon.org,
88175,husice@negug.net,"2018-08-25 09:37:59, 2018-08-25 09:37:59"
88175,welamo@bucup.net,
88175,nobaka@rugox.net,
88175,mocone@gamex.org,
88175,kebala@bufan.net,
88175,jerido@zurov.net,
88175,qigesi@xakem.net,"2018-08-25 11:59:44, 2018-08-25 11:59:44"
88175,jijune@kaqan.net,"2018-08-21 13:36:56, 2018-08-21 13:36:56"
88175,yikupi@gugix.com,"2018-08-20 21:45:36, 2018-08-20 21:45:36"
88175,jebomu@xikiy.com,
88175,firito@muxec.org,"2018-08-21 19:37:04, 2018-08-21 19:37:04"
88175,hudufi@noneb.net,"2018-08-24 14:59:38, 2018-08-24 14:59:38"
88175,sageyi@jecur.com,"2018-08-25 05:30:00, 2018-08-25 05:30:00"
88175,sezihe@zupes.com,"2018-08-22 11:12:16, 2018-08-22 11:12:16"
88175,sezihe@zupes.com,"2018-08-22 11:12:16, 2018-08-22 11:12:16"
88175,sezihe@zupes.com,"2018-08-22 11:12:16, 2018-08-22 11:12:16"
88175,rejifo@fuhun.org,"2018-08-20 23:02:25, 2018-08-20 23:02:25"
88175,kumara@menol.net,"2018-08-24 05:23:42, 2018-08-24 05:23:42"
88175,celiva@gisin.com,"2018-08-21 12:04:31, 2018-08-21 12:04:31"
88175,yidado@tetoc.org,
88175,yidado@tetoc.org,
88175,nokati@qovac.net,
88175,runalu@toyef.net,
88175,lerani@tazeh.net,
88175,rufihi@bumoy.net,"2018-08-21 01:19:14, 2018-08-21 01:19:14"
88175,didazo@gufiq.com,
88175,wepenu@tekuy.net,
88175,rebugi@fixav.org,
88175,rixufu@wexut.com,"2018-08-21 16:02:55, 2018-08-21 16:02:55"
88175,qejolu@dogid.org,
88175,lufopa@risam.org,
88175,kipofe@weyey.org,
88175,linejo@detav.net,
88175,hivote@fesoj.net,"2018-08-23 22:16:26, 2018-08-23 22:16:26"
88175,lirufi@nuceh.net,
88175,vidimo@rupuj.org,
88175,giheme@vibob.com,
88175,bapifi@mapad.net,"2018-08-20 18:09:42, 2018-08-20 18:09:42"
88175,bapifi@mapad.net,"2018-08-20 18:09:42, 2018-08-20 18:09:42"
88175,bapifi@mapad.net,"2018-08-20 18:09:42, 2018-08-20 18:09:42"
88175,bapifi@mapad.net,"2018-08-20 18:09:42, 2018-08-20 18:09:42"
88175,huhewu@taciv.net,
88175,xuguju@mefir.org,
88175,tukawu@jisog.net,"2018-08-23 03:18:21, 2018-08-23 03:18:21"
88175,zedore@liqun.net,
88175,kadivi@wogac.net,
88175,vifaze@sowoy.org,"2018-08-23 20:27:56, 2018-08-23 20:27:56"
88175,surizi@jepac.net,"2018-08-21 04:45:22, 2018-08-21 04:45:22"
88175,surizi@jepac.net,"2018-08-21 04:45:22, 2018-08-21 04:45:22"
88175,gexija@dabaj.net,
88175,wohune@joqil.net,
88175,narubi@hadut.net,"2018-08-22 09:25:05, 2018-08-22 09:25:05"
88175,rajano@jibab.com,
88175,jevafi@racol.net,
88175,camuco@yicig.net,
88175,mesoca@qiviq.com,
88175,hetiho@niloy.net,"2018-08-23 20:40:41, 2018-08-23 20:40:41"
88175,wiweye@tagud.com,
88175,fefizu@zetif.com,
88175,vamisa@joger.org,"2018-08-25 03:36:50, 2018-08-25 03:36:50"
88175,wajeda@vemam.com,
88175,wajeda@vemam.com,
88175,wajeda@vemam.com,
88175,wajeda@vemam.com,
88175,todoli@naxaw.com,
88175,xukufa@xeyeg.com,
88175,biyubu@sibur.com,
88175,corafa@koxat.net,"2018-08-24 05:02:33, 2018-08-24 05:02:33"
88175,corafa@koxat.net,"2018-08-24 05:02:33, 2018-08-24 05:02:33"
88175,corafa@koxat.net,"2018-08-24 05:02:33, 2018-08-24 05:02:33"
88175,yawubu@retuc.net,
88175,yakani@hujuc.com,
88175,tasuhu@rojiw.com,"2018-08-23 07:53:28, 2018-08-23 07:53:28"
88175,tohiku@dorer.net,
88175,tohiku@dorer.net,
88175,tohiku@dorer.net,
88175,tohiku@dorer.net,
88175,vaxita@fekul.net,"2018-08-23 23:43:05, 2018-08-23 23:43:05"
88175,dexiyo@buwen.com,
88175,bugili@dufeh.org,
88175,lehuri@huxil.com,
88175,naporo@fedep.net,
88175,yekano@ragoh.org,
88175,xotuqu@nated.com,"2018-08-20 19:49:16, 2018-08-20 19:49:16"
88175,neseco@junog.org,
88175,pehafu@yolon.com,"2018-08-21 10:08:22, 2018-08-21 10:08:22"
88175,lexofu@zayuv.com,"2018-08-24 16:20:17, 2018-08-24 16:20:17"
88175,lexofu@zayuv.com,"2018-08-24 16:20:17, 2018-08-24 16:20:17"
88175,lexofu@zayuv.com,"2018-08-24 16:20:17, 2018-08-24 16:20:17"
88175,lexofu@zayuv.com,"2018-08-24 16:20:17, 2018-08-24 16:20:17"
88175,pamolu@sapox.com,
88175,kivipe@veyav.com,
88175,covodo@balok.org,"2018-08-25 05:58:58, 2018-08-25 05:58:58"
88175,zapelo@decug.com,"2018-08-24 21:07:03, 2018-08-24 21:07:03"
88175,keyowu@qubab.net,"2018-08-24 21:36:14, 2018-08-24 21:36:14"
88175,kecuse@vapun.net,
88175,kewojo@wahoq.com,
88175,dedora@xilov.org,
88175,dedora@xilov.org,
88175,dedora@xilov.org,
88175,dedora@xilov.org,
88175,texeji@yapez.com,"2018-08-21 01:46:12, 2018-08-21 01:46:12"
88175,texeji@yapez.com,"2018-08-21 01:46:12, 2018-08-21 01:46:12"
88175,gutare@laxer.com,
88175,jozaci@konix.com,"2018-08-23 05:03:19, 2018-08-23 05:03:19"
88175,juzehu@xanos.org,
88175,cikibo@winol.com,
88175,quqafi@yetar.org,
88175,mamase@cimem.org,"2018-08-23 04:52:03, 2018-08-23 04:52:03"
88175,boneho@vodod.net,
88175,yugeri@ruleq.org,"2018-08-23 18:11:57, 2018-08-23 18:11:57"
88175,qijaco@vovor.net,
88175,linigi@yiyaq.com,
88175,midobo@vupej.org,"2018-08-21 01:10:11, 2018-08-21 01:10:11"
88175,midobo@vupej.org,"2018-08-21 01:10:11, 2018-08-21 01:10:11"
88175,midobo@vupej.org,"2018-08-21 01:10:11, 2018-08-21 01:10:11"
88175,janoxu@jexoy.org,
88175,xavudo@zumuj.net,"2018-08-21 13:52:24, 2018-08-21 13:52:24"
88175,kabuhe@ralem.net,
88175,hokuzo@poker.com,
88175,qixaze@yumaq.org,
88175,bohehu@jacox.org,"2018-08-25 12:52:48, 2018-08-25 12:52:48"
88175,jenata@qanuz.com,
88175,bufiva@libuv.org,
88175,nijacu@lojus.net,"2018-08-20 19:01:30, 2018-08-20 19:01:30"
88175,jojuhu@mevak.net,
88175,cekupo@kamab.org,"2018-08-22 22:00:31, 2018-08-22 22:00:31"
88175,cekupo@kamab.org,"2018-08-22 22:00:31, 2018-08-22 22:00:31"
88175,xarulo@silev.org,
88175,xarulo@silev.org,
88175,numavo@waros.com,"2018-08-24 21:02:09, 2018-08-24 21:02:09"
88175,cuyiqo@levul.net,
88175,wovabu@pexir.com,"2018-08-20 18:42:56, 2018-08-20 18:42:56"
88175,qomana@meheh.com,"2018-08-20 20:53:21, 2018-08-20 20:53:21"
88175,fufihu@yoric.com,
88175,yajuxu@piluc.org,
88175,zodima@pizom.net,
88175,ditela@yowoh.com,
88175,vujapo@kuyiv.com,"2018-08-21 21:36:09, 2018-08-21 21:36:09"
88175,voqoti@namil.org,"2018-08-25 03:17:32, 2018-08-25 03:17:32"
88175,qukagi@kuzan.org,
88175,pibicu@fenis.net,"2018-08-23 05:20:18, 2018-08-23 05:20:18"
88175,cipifi@tilux.org,
88175,podafa@nulez.com,
88175,zufapi@bejeg.net,
88175,powezu@xuyeb.net,
88175,fohuta@foheh.org,"2018-08-21 22:25:29, 2018-08-21 22:25:29"
88175,fekubi@hijaq.com,"2018-08-23 04:17:17, 2018-08-23 04:17:17"
88175,rutube@tipoy.org,"2018-08-22 15:41:42, 2018-08-22 15:41:42"
88175,layumu@monoy.org,"2018-08-23 15:05:44, 2018-08-23 15:05:44"
88175,layumu@monoy.org,"2018-08-23 15:05:44, 2018-08-23 15:05:44"
88175,sibilo@wayes.net,
88175,qigoci@pekeq.com,"2018-08-20 20:06:58, 2018-08-20 20:06:58"
88175,munoku@yiyex.com,
88175,kolova@lasey.net,
88175,pawiqe@sanuy.org,"2018-08-25 06:33:15, 2018-08-25 06:33:15"
88175,museji@cifun.net,
88175,mezedo@hebab.com,"2018-08-23 10:24:07, 2018-08-23 10:24:07"
88175,zifuca@bawis.com,"2018-08-25 12:44:01, 2018-08-25 12:44:01"
88175,lunata@xifub.net,
88175,gojeva@labid.com,"2018-08-21 04:23:59, 2018-08-21 04:23:59"
88175,hukute@sucuq.org,
88175,hugeso@lemid.org,
88175,hapamu@yijit.org,"2018-08-24 00:01:28, 2018-08-24 00:01:28"
88175,jivade@cuzev.net,
88175,henadi@vunoh.net,"2018-08-21 11:42:09, 2018-08-21 11:42:09"
88175,bifolo@qeyuz.com,"2018-08-21 05:38:18, 2018-08-21 05:38:18"
88175,vehivu@vameq.org,
88175,licala@lukeq.org,"2018-08-22 02:00:15, 2018-08-22 02:00:15"
88175,huboyo@fihen.com,
88175,ciqido@hasud.net,"2018-08-20 20:07:50, 2018-08-20 20:07:50"
88175,ximora@numel.net,"2018-08-25 14:04:40, 2018-08-25 14:04:40"
88175,zezota@nunib.net,
88175,gisuxo@fimaq.com,"2018-08-25 16:21:30, 2018-08-25 16:21:30"
88175,guloqu@tarur.org,"2018-08-25 07:01:21, 2018-08-25 07:01:21"
88175,qokela@bewek.org,
88175,nunepu@yonoh.org,"2018-08-22 06:04:05, 2018-08-22 06:04:05"
88175,nunepu@yonoh.org,"2018-08-22 06:04:05, 2018-08-22 06:04:05"
88175,nunepu@yonoh.org,"2018-08-22 06:04:05, 2018-08-22 06:04:05"
88175,nunepu@yonoh.org,"2018-08-22 06:04:05, 2018-08-22 06:04:05"
88175,zuqifa@qocik.org,
88175,hohave@qalud.net,"2018-08-24 02:39:14, 2018-08-24 02:39:14"
88175,hohave@qalud.net,"2018-08-24 02:39:14, 2018-08-24 02:39:14"
88175,hohave@qalud.net,"2018-08-24 02:39:14, 2018-08-24 02:39:14"
88175,hohave@qalud.net,"2018-08-24 02:39:14, 2018-08-24 02:39:14"
88175,yajefu@fixaj.org,"2018-08-23 04:34:47, 2018-08-23 04:34:47"
88175,xalize@fumem.com,
88175,bujare@tagoq.com,
88175,ciyobe@rofuq.net,
88175,nutiya@lufaw.org,
88175,moviqo@zetet.com,
88175,dewaza@dudux.com,
88175,dutoki@pohiz.org,
88175,kutelu@volas.org,
88175,bowiki@sehel.net,
88175,pedalo@pamoz.org,"2018-08-21 16:24:35, 2018-08-21 16:24:35"
88175,pucepa@kapuw.org,
88175,muzeme@yuqay.net,"2018-08-24 07:15:06, 2018-08-24 07:15:06"
88175,yumuca@bikes.org,"2018-08-21 23:45:26, 2018-08-21 23:45:26"
88175,luwoqo@kupam.net,"2018-08-23 06:58:25, 2018-08-23 06:58:25"
88175,luwoqo@kupam.net,"2018-08-23 06:58:25, 2018-08-23 06:58:25"
88175,luwoqo@kupam.net,"2018-08-23 06:58:25, 2018-08-23 06:58:25"
88175,valoro@haheq.com,
88175,jeqeza@minac.net,"2018-08-21 14:02:14, 2018-08-21 14:02:14"
88175,wojaqe@varoh.org,
88175,magebe@vufiv.org,"2018-08-20 23:25:05, 2018-08-20 23:25:05"
88175,magebe@vufiv.org,"2018-08-20 23:25:05, 2018-08-20 23:25:05"
88175,qanico@cepuv.net,
88175,wolivi@cadel.net,
88175,mewoyo@fixug.com,
88175,lahove@minak.org,
88175,zuruye@mojeg.net,
88175,dinera@rokir.org,
88175,muzoti@tekis.net,"2018-08-22 00:25:21, 2018-08-22 00:25:21"
88175,bayele@retuw.org,
88175,bayele@retuw.org,
88175,bayele@retuw.org,
88175,bayele@retuw.org,
88175,lalema@qoxeb.com,
88175,zuxobu@gehul.com,
88175,sufuvi@helit.net,"2018-08-23 03:46:05, 2018-08-23 03:46:05"
88175,sufuvi@helit.net,"2018-08-23 03:46:05, 2018-08-23 03:46:05"
88175,qiquzi@webug.com,
88175,norequ@mives.com,
88175,fecuce@wadus.com,
88175,hoyime@xivuq.org,"2018-08-22 04:17:18, 2018-08-22 04:17:18"
88175,hoyime@xivuq.org,"2018-08-22 04:17:18, 2018-08-22 04:17:18"
88175,mifaxa@hejel.com,
88175,yeniye@ramup.org,
88175,ginani@husiq.net,
88175,ceyota@zesob.net,
88175,jajotu@zuqav.com,
88175,jozuda@pakit.net,"2018-08-21 09:19:50, 2018-08-21 09:19:50"
88175,rihiju@sozoz.com,
88175,moxisu@nupij.org,"2018-08-23 02:42:32, 2018-08-23 02:42:32"
88175,fojuwo@defut.org,
88175,vanosa@yujev.net,
88175,xojecu@laqef.net,
88175,pufijo@quyol.net,"2018-08-22 09:24:28, 2018-08-22 09:24:28"
88175,dubuvo@wecuw.org,"2018-08-21 12:06:17, 2018-08-21 12:06:17"
88175,dubuvo@wecuw.org,"2018-08-21 12:06:17, 2018-08-21 12:06:17"
88175,xawama@maxiz.com,"2018-08-24 09:51:56, 2018-08-24 09:51:56"
88175,jipepo@powuw.net,"2018-08-21 11:29:40, 2018-08-21 11:29:40"
88175,buheke@yopub.org,"2018-08-20 23:24:17, 2018-08-20 23:24:17"
88175,lagiva@giput.net,"2018-08-21 16:16:07, 2018-08-21 16:16:07"
88175,xebuno@hozur.org,"2018-08-21 20:51:31, 2018-08-21 20:51:31"
88175,leyaxo@ravox.org,"2018-08-22 03:11:31, 2018-08-22 03:11:31"
88175,nebugo@kuyey.net,
88175,tufafa@ruwiq.com,
88175,yovoco@hikun.org,
88175,boxiho@qoyeh.com,
88175,yiboto@lopiw.org,"2018-08-22 06:12:50, 2018-08-22 06:12:50"
88175,wereka@vituw.com,"2018-08-21 21:38:23, 2018-08-21 21:38:23"
88175,ruwaka@kunuv.com,"2018-08-23 11:26:42, 2018-08-23 11:26:42"
88175,leqofa@resoj.net,"2018-08-22 19:35:18, 2018-08-22 19:35:18"
88175,gimiko@maniw.org,
88175,fegoco@lunuk.org,
88175,wiyija@yatey.com,
88175,fukeme@hocup.net,
88175,hesalu@witiv.net,
88175,wejexu@pogic.net,
88175,wejexu@pogic.net,
88175,wejexu@pogic.net,
88175,wejexu@pogic.net,
88175,cugoha@wikof.net,
88175,voqibu@mucil.net,
88175,pufega@yomic.com,"2018-08-25 01:38:50, 2018-08-25 01:38:50"
88175,govebo@tecex.org,"2018-08-21 02:20:26, 2018-08-21 02:20:26"
88175,ropeca@zotog.com,"2018-08-22 09:07:10, 2018-08-22 09:07:10"
88175,nivira@daceq.org,
88175,tolaju@cizug.org,
88175,duzibo@liwag.com,"2018-08-24 19:38:00, 2018-08-24 19:38:00"
88175,qatiyo@wemab.net,"2018-08-24 20:13:50, 2018-08-24 20:13:50"
88175,dihoba@rosan.org,"2018-08-22 16:44:45, 2018-08-22 16:44:45"
88175,socixo@rowuw.org,
88175,saceto@jubev.com,"2018-08-23 15:06:57, 2018-08-23 15:06:57"
88175,terizo@rosuy.org,"2018-08-25 16:12:01, 2018-08-25 16:12:01"
88175,lurubu@habof.org,
88175,qavati@gacux.org,
88175,pozazo@timil.com,"2018-08-22 17:23:04, 2018-08-22 17:23:04"
88175,zipiti@zagey.net,"2018-08-23 14:03:59, 2018-08-23 14:03:59"
88175,belivo@gogac.org,
88175,nefera@mifiw.net,"2018-08-24 14:06:36, 2018-08-24 14:06:36"
88175,gerale@cekoh.com,
88175,gerale@cekoh.com,
88175,xiyebu@posaf.org,
88175,menuqa@juloc.org,"2018-08-21 23:49:15, 2018-08-21 23:49:15"
88175,womesi@peqik.org,
88175,bivora@rapel.com,"2018-08-21 20:06:05, 2018-08-21 20:06:05"
88175,jitase@cajed.net,
88175,cexiba@ciniy.net,
88175,bocafe@nepun.net,
88175,yodeho@posag.org,"2018-08-21 19:31:22, 2018-08-21 19:31:22"
88175,yodeho@posag.org,"2018-08-21 19:31:22, 2018-08-21 19:31:22"
88175,yodeho@posag.org,"2018-08-21 19:31:22, 2018-08-21 19:31:22"
88175,yuguha@yacad.net,
88175,qujasa@yokok.net,"2018-08-22 09:08:40, 2018-08-22 09:08:40"
88175,qujasa@yokok.net,"2018-08-22 09:08:40, 2018-08-22 09:08:40"
88175,qujasa@yokok.net,"2018-08-22 09:08:40, 2018-08-22 09:08:40"
88175,zagiro@jakod.com,"2018-08-24 02:57:08, 2018-08-24 02:57:08"
88175,bipalu@fipet.net,"2018-08-23 04:33:00, 2018-08-23 04:33:00"
88175,bipalu@fipet.net,"2018-08-23 04:33:00, 2018-08-23 04:33:00"
88175,bipalu@fipet.net,"2018-08-23 04:33:00, 2018-08-23 04:33:00"
88175,wicoja@tiret.com,"2018-08-23 14:15:47, 2018-08-23 14:15:47"
88175,nedema@vuyos.net,"2018-08-21 23:19:38, 2018-08-21 23:19:38"
88175,nedema@vuyos.net,"2018-08-21 23:19:38, 2018-08-21 23:19:38"
88175,facuji@larey.org,"2018-08-22 17:15:52, 2018-08-22 17:15:52"
88175,duzaba@yezuq.net,"2018-08-25 15:04:47, 2018-08-25 15:04:47"
88175,duzaba@yezuq.net,"2018-08-25 15:04:47, 2018-08-25 15:04:47"
88175,xerico@patif.org,
88175,zonilu@jekax.com,
88175,voyayu@qutut.org,
88175,hupuge@cumum.net,
88175,vedugu@lupol.org,
88175,lekuro@riyel.net,
88175,sozuti@locah.org,"2018-08-24 23:26:01, 2018-08-24 23:26:01"
88175,pozama@weqed.org,
88175,demofi@diwor.net,
88175,xoxudo@cilip.com,
88175,gakefu@saqiy.com,"2018-08-24 23:38:57, 2018-08-24 23:38:57"
88175,yisomi@kehid.net,
88175,gobuda@yasex.net,"2018-08-22 13:09:02, 2018-08-22 13:09:02"
88175,mitilu@jewep.net,
88175,dimuji@suven.org,
88175,luluba@puzuc.net,
88175,qobeka@dudas.net,"2018-08-23 00:45:32, 2018-08-23 00:45:32"
88175,meseze@yigir.net,"2018-08-23 14:45:39, 2018-08-23 14:45:39"
